geno,Species,Island,Phenotype,cohort
G/A,hybrid,Daphne,Pink,1987
G/A,fortis,Daphne,Pink,1983
G/G,fortis,Daphne,Pink,1983
G/A,fortis,Daphne,Pink,1983
G/G,fortis,Daphne,Pink,1983
G/G,fortis,Daphne,Pink,1983
G/G,fortis,Daphne,Pink,1983
G/G,fortis,Daphne,Pink,1983
A/A,fortis,Daphne,Yellow,1983
G/G,fortis,Daphne,Pink,1983
G/G,fortis,Daphne,Pink,1983
G/A,fortis,Daphne,Pink,1983
G/G,fortis,Daphne,Pink,1983
A/A,fortis,Daphne,Yellow,1983
G/A,fortis,Daphne,Pink,1984
G/A,fortis,Daphne,Pink,1984
G/A,fortis,Daphne,Pink,1984
G/G,fortis,Daphne,Pink,1984
G/A,fortis,Daphne,Pink,1984
G/A,fortis,Daphne,Pink,1984
G/A,fortis,Daphne,Pink,1984
G/A,fortis,Daphne,Pink,1984
A/A,fortis,Daphne,Yellow,1984
G/A,fortis,Daphne,Pink,1984
A/A,fortis,Daphne,Yellow,1984
G/G,fortis,Daphne,Pink,1984
G/G,fortis,Daphne,Pink,1984
G/A,fortis,Daphne,Pink,1984
G/A,fortis,Daphne,Pink,1984
A/A,fortis,Daphne,Yellow,1986
G/G,fortis,Daphne,Pink,1987
G/A,fortis,Daphne,Pink,1987
G/A,fortis,Daphne,Pink,1987
G/G,fortis,Daphne,Pink,1987
G/A,fortis,Daphne,Pink,1987
G/A,fortis,Daphne,Pink,1987
A/A,fortis,Daphne,Yellow,1987
G/A,fortis,Daphne,Pink,1987
G/A,fortis,Daphne,Pink,1987
G/A,fortis,Daphne,Pink,1987
G/G,fortis,Daphne,Pink,1987
G/A,fortis,Daphne,Pink,1987
G/A,fortis,Daphne,Pink,1987
G/A,fortis,Daphne,Pink,1987
G/A,fortis,Daphne,Pink,1987
G/A,fortis,Daphne,Pink,1987
G/G,fortis,Daphne,Pink,1987
G/A,fortis,Daphne,Pink,1987
G/G,fortis,Daphne,Pink,1987
G/A,fortis,Daphne,Pink,1987
G/A,fortis,Daphne,Pink,1987
A/A,fortis,Daphne,Yellow,1987
A/A,fortis,Daphne,Yellow,1987
A/A,fortis,Daphne,Yellow,1987
G/A,fortis,Daphne,Pink,1987
G/A,fortis,Daphne,Pink,1987
G/A,fortis,Daphne,Pink,1987
G/A,hybrid,Daphne,Pink,1987
A/A,fortis,Daphne,Yellow,1987
A/A,hybrid,Daphne,Yellow,1987
A/A,fortis,Daphne,Yellow,1987
G/G,fortis,Daphne,Pink,1987
A/A,fortis,Daphne,Yellow,1987
G/G,fortis,Daphne,Pink,1987
G/G,fortis,Daphne,Pink,1987
G/A,fortis,Daphne,Pink,1987
G/A,fortis,Daphne,Pink,1987
G/A,fortis,Daphne,Pink,1987
G/A,fortis,Daphne,Pink,1987
G/A,fortis,Daphne,Pink,1987
A/A,fortis,Daphne,Yellow,1987
G/A,fortis,Daphne,Pink,1987
G/A,fortis,Daphne,Pink,1987
G/A,fortis,Daphne,Pink,1987
G/A,fortis,Daphne,Pink,1987
A/A,fortis,Daphne,Yellow,1987
A/A,fortis,Daphne,Yellow,1987
G/G,fortis,Daphne,Pink,1987
G/A,fortis,Daphne,Pink,1987
G/G,fortis,Daphne,Pink,1987
G/A,fortis,Daphne,Pink,1987
G/A,fortis,Daphne,Pink,1987
G/G,fortis,Daphne,Pink,1987
G/A,fortis,Daphne,Pink,1987
G/G,fortis,Daphne,Pink,1987
G/G,fortis,Daphne,Pink,1987
G/G,fortis,Daphne,Pink,1987
G/G,fortis,Daphne,Pink,1987
G/A,fortis,Daphne,Pink,1987
G/G,fortis,Daphne,Pink,1987
G/A,fortis,Daphne,Pink,1987
G/A,fortis,Daphne,Pink,1987
G/G,fortis,Daphne,Pink,1987
G/A,fortis,Daphne,Pink,1987
G/A,fortis,Daphne,Pink,1987
G/G,fortis,Daphne,Pink,1987
G/G,fortis,Daphne,Pink,1987
G/G,fortis,Daphne,Pink,1987
G/G,fortis,Daphne,Pink,1987
G/G,fortis,Daphne,Pink,1987
G/G,fortis,Daphne,Pink,1987
G/A,fortis,Daphne,Pink,1987
G/A,fortis,Daphne,Pink,1987
G/G,fortis,Daphne,Pink,1987
G/A,fortis,Daphne,Pink,1987
G/G,fortis,Daphne,Pink,1987
G/G,fortis,Daphne,Pink,1987
G/A,fortis,Daphne,Pink,1987
G/A,fortis,Daphne,Pink,1987
G/A,fortis,Daphne,Pink,1987
G/A,fortis,Daphne,Pink,1987
G/G,fortis,Daphne,Pink,1987
G/A,fortis,Daphne,Pink,1987
A/A,fortis,Daphne,Yellow,1987
A/A,fortis,Daphne,Yellow,1987
G/A,fortis,Daphne,Pink,1987
A/A,fortis,Daphne,Yellow,1987
G/A,fortis,Daphne,Pink,1987
G/A,fortis,Daphne,Pink,1987
G/A,fortis,Daphne,Pink,1987
A/A,fortis,Daphne,Yellow,1987
G/G,fortis,Daphne,Pink,1987
G/G,fortis,Daphne,Pink,1987
A/A,fortis,Daphne,Yellow,1987
G/A,fortis,Daphne,Pink,1987
G/A,fortis,Daphne,Pink,1987
G/A,fortis,Daphne,Pink,1987
G/G,fortis,Daphne,Pink,1987
G/G,fortis,Daphne,Pink,1987
G/G,fortis,Daphne,Pink,1987
G/G,fortis,Daphne,Pink,1987
G/A,fortis,Daphne,Pink,1987
G/A,fortis,Daphne,Pink,1987
G/A,hybrid,Daphne,Pink,1987
G/A,fortis,Daphne,Pink,1987
G/A,fortis,Daphne,Pink,1987
G/G,fortis,Daphne,Pink,1987
G/G,fortis,Daphne,Pink,1987
G/A,fortis,Daphne,Pink,1987
G/A,fortis,Daphne,Pink,1987
G/A,fortis,Daphne,Pink,1987
G/A,fortis,Daphne,Pink,1987
G/A,fortis,Daphne,Pink,1987
G/A,fortis,Daphne,Pink,1987
G/G,fortis,Daphne,Pink,1987
G/G,fortis,Daphne,Pink,1987
G/G,fortis,Daphne,Pink,1987
G/G,fortis,Daphne,Pink,1987
G/G,fortis,Daphne,Pink,1987
G/G,fortis,Daphne,Pink,1987
G/G,fortis,Daphne,Pink,1987
A/A,hybrid,Daphne,Yellow,1987
G/A,hybrid,Daphne,Pink,1987
G/A,fortis,Daphne,Pink,1987
G/A,fortis,Daphne,Pink,1987
G/G,fortis,Daphne,Pink,1987
G/A,fortis,Daphne,Pink,1987
A/A,fortis,Daphne,Yellow,1987
G/A,fortis,Daphne,Pink,1987
G/A,fortis,Daphne,Pink,1987
G/G,fortis,Daphne,Pink,1987
G/A,fortis,Daphne,Pink,1987
G/G,fortis,Daphne,Pink,1987
G/A,fortis,Daphne,Pink,1987
G/G,fortis,Daphne,Pink,1987
G/A,hybrid,Daphne,Pink,1987
G/A,hybrid,Daphne,Pink,1987
A/A,fortis,Daphne,Yellow,1987
G/A,hybrid,Daphne,Pink,1987
G/A,hybrid,Daphne,Pink,1987
G/A,fortis,Daphne,Pink,1987
G/A,fortis,Daphne,Pink,1987
G/G,fortis,Daphne,Pink,1987
G/A,fortis,Daphne,Pink,1987
G/G,fortis,Daphne,Pink,1987
A/A,fortis,Daphne,Yellow,1987
G/G,fortis,Daphne,Pink,1987
G/G,fortis,Daphne,Pink,1987
G/G,fortis,Daphne,Pink,1987
G/G,fortis,Daphne,Pink,1987
G/A,hybrid,Daphne,Pink,1987
A/A,fortis,Daphne,Yellow,1987
G/A,fortis,Daphne,Pink,1987
G/A,fortis,Daphne,Pink,1987
G/G,fortis,Daphne,Pink,1987
G/G,fortis,Daphne,Pink,1987
G/G,fortis,Daphne,Pink,1987
A/A,fortis,Daphne,Yellow,1987
G/G,fortis,Daphne,Pink,1987
G/A,fortis,Daphne,Pink,1987
G/G,fortis,Daphne,Pink,1987
G/G,fortis,Daphne,Pink,1987
A/A,fortis,Daphne,Yellow,1987
A/A,fortis,Daphne,Yellow,1987
A/A,fortis,Daphne,Yellow,1987
G/G,fortis,Daphne,Pink,1987
G/G,fortis,Daphne,Pink,1987
A/A,hybrid,Daphne,Yellow,1987
A/A,fortis,Daphne,Yellow,1987
G/A,fortis,Daphne,Pink,1987
G/A,fortis,Daphne,Pink,1987
G/A,fortis,Daphne,Pink,1987
G/A,fortis,Daphne,Pink,1987
G/G,fortis,Daphne,Pink,1987
G/G,fortis,Daphne,Pink,1987
G/A,fortis,Daphne,Pink,1987
A/A,fortis,Daphne,Yellow,1987
G/G,fortis,Daphne,Pink,1987
G/G,fortis,Daphne,Pink,1987
G/A,fortis,Daphne,Pink,1987
G/G,fortis,Daphne,Pink,1987
G/G,fortis,Daphne,Pink,1987
A/A,fortis,Daphne,Yellow,1987
G/A,fortis,Daphne,Pink,1987
G/G,fortis,Daphne,Pink,1987
G/G,fortis,Daphne,Pink,1987
G/G,fortis,Daphne,Pink,1987
G/A,fortis,Daphne,Pink,1987
A/A,fortis,Daphne,Yellow,1987
G/A,fortis,Daphne,Pink,1987
G/G,fortis,Daphne,Pink,1987
A/A,fortis,Daphne,Yellow,1987
A/A,fortis,Daphne,Yellow,1987
G/G,fortis,Daphne,Pink,1987
G/A,hybrid,Daphne,Pink,1987
G/A,fortis,Daphne,Pink,1987
A/A,fortis,Daphne,Yellow,1987
G/A,fortis,Daphne,Pink,1987
G/G,fortis,Daphne,Pink,1987
G/A,fortis,Daphne,Pink,1987
G/A,fortis,Daphne,Pink,1987
G/A,fortis,Daphne,Pink,1987
G/G,fortis,Daphne,Pink,1987
G/G,fortis,Daphne,Pink,1987
G/G,fortis,Daphne,Pink,1987
G/A,fortis,Daphne,Pink,1987
G/A,fortis,Daphne,Pink,1987
G/A,fortis,Daphne,Pink,1987
G/G,fortis,Daphne,Pink,1987
G/A,fortis,Daphne,Pink,1987
G/G,fortis,Daphne,Pink,1987
G/A,fortis,Daphne,Pink,1987
G/G,fortis,Daphne,Pink,1987
G/G,fortis,Daphne,Pink,1987
G/G,fortis,Daphne,Pink,1987
G/G,fortis,Daphne,Pink,1987
A/A,fortis,Daphne,Yellow,1987
G/A,fortis,Daphne,Pink,1987
G/G,fortis,Daphne,Pink,1987
G/A,hybrid,Daphne,Pink,1990
G/A,fortis,Daphne,Pink,1987
G/A,hybrid,Daphne,Pink,1990
G/G,hybrid,Daphne,Pink,1990
A/A,fortis,Daphne,Yellow,1990
G/A,hybrid,Daphne,Pink,1990
G/A,hybrid,Daphne,Pink,1990
G/A,fortis,Daphne,Pink,1987
G/A,fortis,Daphne,Pink,1991
G/A,fortis,Daphne,Pink,1991
G/G,hybrid,Daphne,Pink,1991
G/G,hybrid,Daphne,Pink,1991
G/G,hybrid,Daphne,Pink,1991
G/G,fortis,Daphne,Pink,1991
G/G,fortis,Daphne,Pink,1991
G/G,fortis,Daphne,Pink,1991
G/G,fortis,Daphne,Pink,1991
G/A,fortis,Daphne,Pink,1991
G/G,fortis,Daphne,Pink,1991
G/G,fortis,Daphne,Pink,1991
G/G,fortis,Daphne,Pink,1991
G/G,fortis,Daphne,Pink,1991
G/G,fortis,Daphne,Pink,1991
G/A,fortis,Daphne,Pink,1991
A/A,fortis,Daphne,Yellow,1991
G/G,fortis,Daphne,Pink,1987
G/G,fortis,Daphne,Pink,1987
G/G,fortis,Daphne,Pink,1987
G/A,fortis,Daphne,Pink,1991
G/G,fortis,Daphne,Pink,1991
G/A,fortis,Daphne,Pink,1991
G/A,fortis,Daphne,Pink,1991
G/G,fortis,Daphne,Pink,1991
G/G,fortis,Daphne,Pink,1991
G/G,fortis,Daphne,Pink,1991
G/G,fortis,Daphne,Pink,1991
G/G,fortis,Daphne,Pink,1991
G/G,hybrid,Daphne,Pink,1991
G/A,fortis,Daphne,Pink,1991
G/A,fortis,Daphne,Pink,1991
G/G,fortis,Daphne,Pink,1991
G/A,hybrid,Daphne,Pink,1991
G/A,fortis,Daphne,Pink,1991
G/A,fortis,Daphne,Pink,1991
A/A,hybrid,Daphne,Yellow,1991
G/G,fortis,Daphne,Pink,1991
G/G,fortis,Daphne,Pink,1991
G/A,fortis,Daphne,Pink,1991
G/A,fortis,Daphne,Pink,1991
A/A,fortis,Daphne,Yellow,1991
G/G,fortis,Daphne,Pink,1991
G/G,fortis,Daphne,Pink,1991
G/A,fortis,Daphne,Pink,1991
G/A,fortis,Daphne,Pink,1991
G/A,fortis,Daphne,Pink,1991
G/A,fortis,Daphne,Pink,1991
G/A,fortis,Daphne,Pink,1991
G/A,fortis,Daphne,Pink,1991
A/A,hybrid,Daphne,Yellow,1991
G/G,fortis,Daphne,Pink,1991
G/G,fortis,Daphne,Pink,1991
G/G,fortis,Daphne,Pink,1991
G/G,fortis,Daphne,Pink,1991
G/G,fortis,Daphne,Pink,1991
A/A,fortis,Daphne,Yellow,1991
A/A,fortis,Daphne,Yellow,1991
G/G,fortis,Daphne,Pink,1991
G/G,fortis,Daphne,Pink,1991
G/A,fortis,Daphne,Pink,1991
G/G,fortis,Daphne,Pink,1991
G/G,fortis,Daphne,Pink,1991
G/G,fortis,Daphne,Pink,1991
G/G,fortis,Daphne,Pink,1991
G/G,fortis,Daphne,Pink,1991
G/G,fortis,Daphne,Pink,1991
G/G,fortis,Daphne,Pink,1991
G/G,fortis,Daphne,Pink,1991
G/G,fortis,Daphne,Pink,1991
G/A,fortis,Daphne,Pink,1991
G/A,fortis,Daphne,Pink,1991
G/A,fortis,Daphne,Pink,1991
G/G,hybrid,Daphne,Pink,1991
G/G,fortis,Daphne,Pink,1991
G/G,fortis,Daphne,Pink,1991
A/A,fortis,Daphne,Yellow,1991
A/A,hybrid,Daphne,Yellow,1991
G/A,hybrid,Daphne,Pink,1991
G/G,fortis,Daphne,Pink,1991
G/G,fortis,Daphne,Pink,1991
G/A,fortis,Daphne,Pink,1991
G/A,fortis,Daphne,Pink,1991
G/A,hybrid,Daphne,Pink,1991
G/G,hybrid,Daphne,Pink,1991
G/A,hybrid,Daphne,Pink,1991
G/G,hybrid,Daphne,Pink,1991
A/A,fortis,Daphne,Yellow,1991
G/A,hybrid,Daphne,Pink,1991
A/A,hybrid,Daphne,Yellow,1991
G/A,hybrid,Daphne,Pink,1991
G/G,fortis,Daphne,Pink,1991
G/G,fortis,Daphne,Pink,1991
G/A,fortis,Daphne,Pink,1991
G/G,fortis,Daphne,Pink,1991
G/G,fortis,Daphne,Pink,1991
G/A,fortis,Daphne,Pink,1991
G/G,hybrid,Daphne,Pink,1991
G/G,hybrid,Daphne,Pink,1991
G/G,hybrid,Daphne,Pink,1991
G/A,hybrid,Daphne,Pink,1991
G/A,hybrid,Daphne,Pink,1991
A/A,hybrid,Daphne,Yellow,1991
G/A,hybrid,Daphne,Pink,1991
G/A,hybrid,Daphne,Pink,1991
A/A,hybrid,Daphne,Yellow,1991
G/A,hybrid,Daphne,Pink,1991
G/G,fortis,Daphne,Pink,1991
G/G,fortis,Daphne,Pink,1991
G/G,fortis,Daphne,Pink,1991
G/A,fortis,Daphne,Pink,1991
G/A,fortis,Daphne,Pink,1991
G/G,fortis,Daphne,Pink,1991
G/G,fortis,Daphne,Pink,1991
G/G,fortis,Daphne,Pink,1991
G/G,fortis,Daphne,Pink,1991
A/A,hybrid,Daphne,Yellow,1991
G/A,hybrid,Daphne,Pink,1991
G/A,fortis,Daphne,Pink,1991
A/A,hybrid,Daphne,Yellow,1991
G/A,fortis,Daphne,Pink,1991
G/A,fortis,Daphne,Pink,1991
G/G,fortis,Daphne,Pink,1991
G/G,fortis,Daphne,Pink,1991
G/G,fortis,Daphne,Pink,1991
G/A,hybrid,Daphne,Pink,1991
G/G,fortis,Daphne,Pink,1991
G/A,fortis,Daphne,Pink,1991
A/A,hybrid,Daphne,Yellow,1991
G/A,hybrid,Daphne,Pink,1991
G/A,hybrid,Daphne,Pink,1991
G/G,hybrid,Daphne,Pink,1991
G/G,hybrid,Daphne,Pink,1991
G/G,hybrid,Daphne,Pink,1991
G/A,hybrid,Daphne,Pink,1991
A/A,hybrid,Daphne,Yellow,1991
G/A,hybrid,Daphne,Pink,1991
G/A,fortis,Daphne,Pink,1991
G/G,fortis,Daphne,Pink,1992
G/G,hybrid,Daphne,Pink,1991
A/A,fortis,Daphne,Yellow,1991
G/G,hybrid,Daphne,Pink,1991
G/G,fortis,Daphne,Pink,1991
G/A,fortis,Daphne,Pink,1991
G/G,fortis,Daphne,Pink,1991
G/G,hybrid,Daphne,Pink,1991
G/A,hybrid,Daphne,Pink,1991
G/A,hybrid,Daphne,Pink,1991
G/G,hybrid,Daphne,Pink,1991
G/G,fortis,Daphne,Pink,1991
G/A,fortis,Daphne,Pink,1991
G/G,fortis,Daphne,Pink,1991
G/A,fortis,Daphne,Pink,1991
G/A,fortis,Daphne,Pink,1991
A/A,fortis,Daphne,Yellow,1991
G/A,fortis,Daphne,Pink,1991
A/A,fortis,Daphne,Yellow,1991
G/A,fortis,Daphne,Pink,1991
G/A,fortis,Daphne,Pink,1991
G/A,fortis,Daphne,Pink,1991
G/G,fortis,Daphne,Pink,1991
G/A,fortis,Daphne,Pink,1991
G/G,fortis,Daphne,Pink,1991
G/G,fortis,Daphne,Pink,1991
G/A,fortis,Daphne,Pink,1991
G/G,fortis,Daphne,Pink,1991
G/G,fortis,Daphne,Pink,1991
A/A,fortis,Daphne,Yellow,1991
G/A,fortis,Daphne,Pink,1991
G/A,fortis,Daphne,Pink,1991
A/A,fortis,Daphne,Yellow,1991
G/G,fortis,Daphne,Pink,1991
G/G,fortis,Daphne,Pink,1991
G/G,fortis,Daphne,Pink,1991
G/G,fortis,Daphne,Pink,1991
A/A,fortis,Daphne,Yellow,1991
G/A,fortis,Daphne,Pink,1991
G/G,fortis,Daphne,Pink,1991
G/A,fortis,Daphne,Pink,1991
G/A,fortis,Daphne,Pink,1991
G/A,fortis,Daphne,Pink,1991
A/A,fortis,Daphne,Yellow,1991
G/G,fortis,Daphne,Pink,1991
G/G,hybrid,Daphne,Pink,1991
G/G,hybrid,Daphne,Pink,1991
G/G,hybrid,Daphne,Pink,1991
G/G,hybrid,Daphne,Pink,1991
G/G,hybrid,Daphne,Pink,1991
G/G,fortis,Daphne,Pink,1991
G/A,fortis,Daphne,Pink,1991
G/A,fortis,Daphne,Pink,1991
G/G,fortis,Daphne,Pink,1991
G/A,fortis,Daphne,Pink,1991
G/G,fortis,Daphne,Pink,1991
G/A,hybrid,Daphne,Pink,1991
G/A,hybrid,Daphne,Pink,1991
G/A,hybrid,Daphne,Pink,1991
G/G,hybrid,Daphne,Pink,1991
G/A,hybrid,Daphne,Pink,1991
G/G,fortis,Daphne,Pink,1991
G/A,fortis,Daphne,Pink,1991
G/A,fortis,Daphne,Pink,1991
G/G,fortis,Daphne,Pink,1991
G/A,fortis,Daphne,Pink,1991
G/A,fortis,Daphne,Pink,1991
G/A,fortis,Daphne,Pink,1991
G/A,fortis,Daphne,Pink,1991
G/G,fortis,Daphne,Pink,1991
G/G,fortis,Daphne,Pink,1991
G/A,fortis,Daphne,Pink,1998
G/A,fortis,Daphne,Pink,1998
G/A,fortis,Daphne,Pink,1992
G/G,hybrid,Daphne,Pink,1998
G/A,hybrid,Daphne,Pink,1998
G/A,hybrid,Daphne,Pink,1992
G/G,fortis,Daphne,Pink,1992
G/A,hybrid,Daphne,Pink,1998
G/A,hybrid,Daphne,Pink,1998
G/A,fortis,Daphne,Pink,1992
G/A,fortis,Daphne,Pink,1992
A/A,fortis,Daphne,Yellow,1991
G/A,fortis,Daphne,Pink,1991
G/A,fortis,Daphne,Pink,1991
G/A,fortis,Daphne,Pink,1991
G/A,hybrid,Daphne,Pink,1991
A/A,hybrid,Daphne,Yellow,1991
G/A,hybrid,Daphne,Pink,1991
G/A,hybrid,Daphne,Pink,1991
G/A,hybrid,Daphne,Pink,1991
G/G,hybrid,Daphne,Pink,1991
G/G,hybrid,Daphne,Pink,1991
G/A,hybrid,Daphne,Pink,1991
A/A,fortis,Daphne,Yellow,1991
G/G,fortis,Daphne,Pink,1991
G/A,fortis,Daphne,Pink,1991
G/A,fortis,Daphne,Pink,1991
G/G,fortis,Daphne,Pink,1991
G/G,fortis,Daphne,Pink,1991
G/A,hybrid,Daphne,Pink,1991
G/A,hybrid,Daphne,Pink,1991
G/G,hybrid,Daphne,Pink,1991
G/A,fortis,Daphne,Pink,1991
G/A,hybrid,Daphne,Pink,1992
G/A,fortis,Daphne,Pink,1992
G/A,fortis,Daphne,Pink,1992
G/A,fortis,Daphne,Pink,1992
G/G,fortis,Daphne,Pink,1998
G/A,fortis,Daphne,Pink,1998
G/G,fortis,Daphne,Pink,1998
G/A,hybrid,Daphne,Pink,1998
G/A,hybrid,Daphne,Pink,1998
G/A,hybrid,Daphne,Pink,1998
G/A,hybrid,Daphne,Pink,1998
G/A,hybrid,Daphne,Pink,1998
G/A,hybrid,Daphne,Pink,1998
G/A,hybrid,Daphne,Pink,1998
G/A,hybrid,Daphne,Pink,1998
A/A,hybrid,Daphne,Yellow,1998
A/A,hybrid,Daphne,Yellow,1998
G/A,fortis,Daphne,Pink,1992
G/G,fortis,Daphne,Pink,1992
G/G,hybrid,Daphne,Pink,1998
G/A,hybrid,Daphne,Pink,1998
G/G,hybrid,Daphne,Pink,1998
G/G,hybrid,Daphne,Pink,1998
G/A,hybrid,Daphne,Pink,1998
A/A,fortis,Daphne,Yellow,1998
G/A,hybrid,Daphne,Pink,1998
G/A,hybrid,Daphne,Pink,1998
G/G,hybrid,Daphne,Pink,1998
G/G,hybrid,Daphne,Pink,1998
G/A,hybrid,Daphne,Pink,1993
G/G,hybrid,Daphne,Pink,1993
G/G,fortis,Daphne,Pink,1993
A/A,fortis,Daphne,Yellow,1998
G/G,fortis,Daphne,Pink,1993
G/A,fortis,Daphne,Pink,1993
G/G,hybrid,Daphne,Pink,1993
G/A,fortis,Daphne,Pink,1998
G/A,hybrid,Daphne,Pink,1993
G/G,fortis,Daphne,Pink,1993
G/A,fortis,Daphne,Pink,1993
G/G,hybrid,Daphne,Pink,1993
A/A,hybrid,Daphne,Yellow,1998
G/G,hybrid,Daphne,Pink,1998
G/G,fortis,Daphne,Pink,1993
G/G,hybrid,Daphne,Pink,1998
A/A,fortis,Daphne,Yellow,1993
G/A,fortis,Daphne,Pink,1993
G/A,hybrid,Daphne,Pink,1998
G/A,hybrid,Daphne,Pink,1998
G/A,fortis,Daphne,Pink,1993
G/A,fortis,Daphne,Pink,1998
G/G,hybrid,Daphne,Pink,1993
G/G,hybrid,Daphne,Pink,1993
G/G,hybrid,Daphne,Pink,1993
G/A,fortis,Daphne,Pink,1993
G/A,fortis,Daphne,Pink,1993
G/G,fortis,Daphne,Pink,1993
G/A,hybrid,Daphne,Pink,1993
G/A,fortis,Daphne,Pink,1998
G/G,hybrid,Daphne,Pink,1998
G/G,fortis,Daphne,Pink,1993
G/A,hybrid,Daphne,Pink,1993
G/A,hybrid,Daphne,Pink,1998
G/G,hybrid,Daphne,Pink,1993
G/G,hybrid,Daphne,Pink,1993
G/A,hybrid,Daphne,Pink,1998
G/G,hybrid,Daphne,Pink,1998
G/A,fortis,Daphne,Pink,1993
G/A,hybrid,Daphne,Pink,1993
G/G,fortis,Daphne,Pink,1993
A/A,hybrid,Daphne,Yellow,1998
A/A,hybrid,Daphne,Yellow,1998
A/A,hybrid,Daphne,Yellow,1998
A/A,hybrid,Daphne,Yellow,1998
G/A,hybrid,Daphne,Pink,1998
G/A,hybrid,Daphne,Pink,1998
A/A,hybrid,Daphne,Yellow,1998
G/G,fortis,Daphne,Pink,1998
G/G,hybrid,Daphne,Pink,1998
G/G,hybrid,Daphne,Pink,1998
G/A,hybrid,Daphne,Pink,1998
G/G,hybrid,Daphne,Pink,1998
G/A,hybrid,Daphne,Pink,1998
G/A,hybrid,Daphne,Pink,1998
G/A,hybrid,Daphne,Pink,1998
G/G,hybrid,Daphne,Pink,1998
A/A,hybrid,Daphne,Yellow,1998
G/A,hybrid,Daphne,Pink,1998
G/G,hybrid,Daphne,Pink,1998
G/A,fortis,Daphne,Pink,1998
G/A,hybrid,Daphne,Pink,1998
G/G,hybrid,Daphne,Pink,1998
A/A,hybrid,Daphne,Yellow,1998
G/A,hybrid,Daphne,Pink,1998
G/A,hybrid,Daphne,Pink,1998
G/A,hybrid,Daphne,Pink,1998
G/G,hybrid,Daphne,Pink,1998
A/A,hybrid,Daphne,Yellow,1998
G/G,fortis,Daphne,Pink,1978
G/G,fortis,Daphne,Pink,1979
G/A,fortis,Daphne,Pink,1981
G/A,fortis,Daphne,Pink,1981
A/A,fortis,Daphne,Yellow,1981
G/G,fortis,Daphne,Pink,1981
G/A,fortis,Daphne,Pink,1981
A/A,fortis,Daphne,Yellow,1981
G/G,fortis,Daphne,Pink,1983
G/A,fortis,Daphne,Pink,1983
G/A,fortis,Daphne,Pink,1983
G/G,fortis,Daphne,Pink,1983
G/G,fortis,Daphne,Pink,1983
G/G,fortis,Daphne,Pink,1983
G/A,fortis,Daphne,Pink,1983
G/A,fortis,Daphne,Pink,1983
G/G,fortis,Daphne,Pink,1983
G/A,fortis,Daphne,Pink,1983
G/G,fortis,Daphne,Pink,1983
G/G,fortis,Daphne,Pink,1983
G/G,fortis,Daphne,Pink,1983
G/A,fortis,Daphne,Pink,1983
G/G,fortis,Daphne,Pink,1983
G/G,fortis,Daphne,Pink,1983
G/G,magnirostris,Genovesa,Pink,NA
G/A,scandens,Daphne,Pink,1983
G/A,scandens,Daphne,Pink,1983
A/A,scandens,Daphne,Yellow,1983
G/A,scandens,Daphne,Pink,1983
A/A,scandens,Daphne,Yellow,1983
G/A,scandens,Daphne,Pink,1983
G/A,scandens,Daphne,Pink,1983
G/A,scandens,Daphne,Pink,1983
G/A,scandens,Daphne,Pink,1983
G/A,scandens,Daphne,Pink,1984
G/A,scandens,Daphne,Pink,1987
G/A,scandens,Daphne,Pink,1987
G/G,scandens,Daphne,Pink,1987
G/G,scandens,Daphne,Pink,1987
A/A,scandens,Daphne,Yellow,1987
G/G,scandens,Daphne,Pink,1987
G/G,scandens,Daphne,Pink,1987
A/A,scandens,Daphne,Yellow,1987
A/A,scandens,Daphne,Yellow,1987
G/A,scandens,Daphne,Pink,1987
G/A,scandens,Daphne,Pink,1987
G/G,scandens,Daphne,Pink,1987
G/A,scandens,Daphne,Pink,1987
G/A,scandens,Daphne,Pink,1987
G/A,scandens,Daphne,Pink,1987
A/A,scandens,Daphne,Yellow,1987
A/A,scandens,Daphne,Yellow,1987
A/A,scandens,Daphne,Yellow,1987
G/A,scandens,Daphne,Pink,1987
G/G,scandens,Daphne,Pink,1987
G/A,scandens,Daphne,Pink,1987
G/A,scandens,Daphne,Pink,1987
G/A,scandens,Daphne,Pink,1987
G/A,scandens,Daphne,Pink,1987
G/A,scandens,Daphne,Pink,1987
G/A,scandens,Daphne,Pink,1987
G/G,scandens,Daphne,Pink,1987
G/A,scandens,Daphne,Pink,1987
G/A,scandens,Daphne,Pink,1987
G/G,scandens,Daphne,Pink,1987
G/A,scandens,Daphne,Pink,1987
A/A,scandens,Daphne,Yellow,1987
G/A,scandens,Daphne,Pink,1987
A/A,scandens,Daphne,Yellow,1987
G/A,scandens,Daphne,Pink,1987
G/G,scandens,Daphne,Pink,1987
G/G,scandens,Daphne,Pink,1987
G/A,scandens,Daphne,Pink,1987
G/G,scandens,Daphne,Pink,1987
G/A,scandens,Daphne,Pink,1987
A/A,scandens,Daphne,Yellow,1987
G/A,scandens,Daphne,Pink,1987
G/G,scandens,Daphne,Pink,1983
G/A,scandens,Daphne,Pink,1991
G/A,scandens,Daphne,Pink,1991
A/A,scandens,Daphne,Yellow,1991
A/A,scandens,Daphne,Yellow,1991
A/A,scandens,Daphne,Yellow,1991
A/A,scandens,Daphne,Yellow,1991
A/A,scandens,Daphne,Yellow,1991
G/G,scandens,Daphne,Pink,1991
G/A,scandens,Daphne,Pink,1991
G/A,scandens,Daphne,Pink,1991
G/A,scandens,Daphne,Pink,1991
G/A,scandens,Daphne,Pink,1991
G/G,scandens,Daphne,Pink,1991
A/A,scandens,Daphne,Yellow,1991
G/A,scandens,Daphne,Pink,1991
G/G,scandens,Daphne,Pink,1991
G/A,hybrid,Daphne,Pink,1998
A/A,scandens,Daphne,Yellow,1991
A/A,scandens,Daphne,Yellow,1991
G/A,scandens,Daphne,Pink,1991
G/A,scandens,Daphne,Pink,1991
G/A,scandens,Daphne,Pink,1991
G/A,scandens,Daphne,Pink,1991
G/G,scandens,Daphne,Pink,1991
G/A,scandens,Daphne,Pink,1991
G/G,scandens,Daphne,Pink,1991
G/A,scandens,Daphne,Pink,1991
A/A,scandens,Daphne,Yellow,1991
G/A,hybrid,Daphne,Pink,1998
G/A,scandens,Daphne,Pink,1991
G/A,scandens,Daphne,Pink,1991
G/A,scandens,Daphne,Pink,1991
G/G,scandens,Daphne,Pink,1991
G/A,scandens,Daphne,Pink,1998
G/G,scandens,Daphne,Pink,1998
A/A,hybrid,Daphne,Yellow,1998
A/A,hybrid,Daphne,Yellow,1998
G/A,hybrid,Daphne,Pink,1998
G/G,hybrid,Daphne,Pink,1998
A/A,hybrid,Daphne,Yellow,1998
G/G,hybrid,Daphne,Pink,1998
G/A,hybrid,Daphne,Pink,1998
G/A,hybrid,Daphne,Pink,1998
A/A,scandens,Daphne,Yellow,1998
G/G,hybrid,Daphne,Pink,1996
G/A,scandens,Daphne,Pink,1998
A/A,hybrid,Daphne,Yellow,1998
A/A,hybrid,Daphne,Yellow,1998
A/A,hybrid,Daphne,Yellow,1998
A/A,hybrid,Daphne,Yellow,1998
G/A,hybrid,Daphne,Pink,1998
A/A,hybrid,Daphne,Yellow,1998
G/G,hybrid,Daphne,Pink,1998
G/A,hybrid,Daphne,Pink,1998
G/A,hybrid,Daphne,Pink,1998
A/A,hybrid,Daphne,Yellow,1998
A/A,hybrid,Daphne,Yellow,1998
G/A,hybrid,Daphne,Pink,1998
A/A,hybrid,Daphne,Yellow,1998
G/A,hybrid,Daphne,Pink,1998
G/A,hybrid,Daphne,Pink,2009
G/A,hybrid,Daphne,Pink,2009
G/A,hybrid,Daphne,Pink,2009
G/A,hybrid,Daphne,Pink,2009
A/A,scandens,Daphne,Yellow,1979
A/A,scandens,Daphne,Yellow,1981
G/G,scandens,Daphne,Pink,1981
G/A,scandens,Daphne,Pink,1981
A/A,scandens,Daphne,Yellow,1983
G/A,scandens,Daphne,Pink,1983
A/A,scandens,Daphne,Yellow,1983
A/A,scandens,Daphne,Yellow,1983
G/G,scandens,Daphne,Pink,1983
G/A,scandens,Daphne,Pink,1983
A/A,scandens,Daphne,Yellow,1983
G/A,hybrid,Daphne,Pink,1983
A/A,hybrid,Daphne,Yellow,1984
G/A,hybrid,Daphne,Pink,1991
G/G,hybrid,Daphne,Pink,1991
G/A,hybrid,Daphne,Pink,1991
G/A,hybrid,Daphne,Pink,1991
G/G,hybrid,Daphne,Pink,1991
G/G,hybrid,Daphne,Pink,1991
G/G,hybrid,Daphne,Pink,1981
G/G,hybrid,Daphne,Pink,1984
G/A,hybrid,Daphne,Pink,1987
G/A,hybrid,Daphne,Pink,1987
G/A,hybrid,Daphne,Pink,1987
G/A,hybrid,Daphne,Pink,1987
G/G,hybrid,Daphne,Pink,1987
G/G,hybrid,Daphne,Pink,1987
G/A,hybrid,Daphne,Pink,1987
G/A,hybrid,Daphne,Pink,1987
G/A,hybrid,Daphne,Pink,1990
A/A,hybrid,Daphne,Yellow,1990
G/A,hybrid,Daphne,Pink,1991
G/G,hybrid,Daphne,Pink,1991
G/G,hybrid,Daphne,Pink,1991
G/G,hybrid,Daphne,Pink,1991
G/G,hybrid,Daphne,Pink,1991
G/G,hybrid,Daphne,Pink,1991
A/A,hybrid,Daphne,Yellow,1991
G/A,hybrid,Daphne,Pink,1991
A/A,hybrid,Daphne,Yellow,1991
G/G,hybrid,Daphne,Pink,1993
A/A,hybrid,Daphne,Yellow,1993
G/A,hybrid,Daphne,Pink,1987
A/A,hybrid,Daphne,Yellow,1987
G/A,hybrid,Daphne,Pink,1991
G/A,hybrid,Daphne,Pink,1991
G/A,hybrid,Daphne,Pink,1993
G/A,hybrid,Daphne,Pink,1993
G/G,conirostris,Genovesa,Pink,NA
G/A,conirostris,Genovesa,Pink,NA
A/A,conirostris,Genovesa,Yellow,NA
G/A,conirostris,Genovesa,Pink,NA
G/G,conirostris,Genovesa,Pink,NA
G/G,conirostris,Genovesa,Pink,NA
A/A,hybrid,Daphne,Yellow,1997
G/G,hybrid,Daphne,Pink,1997
G/G,hybrid,Daphne,Pink,1997
G/A,hybrid,Daphne,Pink,1997
G/A,hybrid,Daphne,Pink,1993
G/A,hybrid,Daphne,Pink,1993
G/A,hybrid,Daphne,Pink,1993
G/A,hybrid,Daphne,Pink,1987
G/G,hybrid,Daphne,Pink,1987
G/A,hybrid,Daphne,Pink,1987
A/A,hybrid,Daphne,Yellow,1987
G/A,hybrid,Daphne,Pink,1987
G/G,hybrid,Daphne,Pink,1987
G/A,hybrid,Daphne,Pink,1987
G/A,hybrid,Daphne,Pink,1987
G/G,hybrid,Daphne,Pink,1987
G/A,hybrid,Daphne,Pink,1987
A/A,hybrid,Daphne,Yellow,1997
G/A,hybrid,Daphne,Pink,1997
G/A,hybrid,Daphne,Pink,1997
A/A,hybrid,Daphne,Yellow,1995
G/G,hybrid,Daphne,Pink,1995
G/A,hybrid,Daphne,Pink,1995
A/A,hybrid,Daphne,Yellow,1991
A/A,hybrid,Daphne,Yellow,1991
A/A,hybrid,Daphne,Yellow,1991
G/G,hybrid,Daphne,Pink,1991
G/G,hybrid,Daphne,Pink,1991
G/A,hybrid,Daphne,Pink,1991
A/A,hybrid,Daphne,Yellow,1991
G/A,hybrid,Daphne,Pink,1991
G/A,hybrid,Daphne,Pink,1991
G/A,hybrid,Daphne,Pink,1991
A/A,hybrid,Daphne,Yellow,1991
A/A,hybrid,Daphne,Yellow,1991
A/A,hybrid,Daphne,Yellow,1991
A/A,hybrid,Daphne,Yellow,1992
G/A,hybrid,Daphne,Pink,1991
G/G,hybrid,Daphne,Pink,1991
G/A,hybrid,Daphne,Pink,1991
A/A,hybrid,Daphne,Yellow,1993
A/A,hybrid,Daphne,Yellow,1993
A/A,hybrid,Daphne,Yellow,1987
G/A,hybrid,Daphne,Pink,1987
G/A,hybrid,Daphne,Pink,1987
G/G,hybrid,Daphne,Pink,1991
G/A,hybrid,Daphne,Pink,1991
A/A,hybrid,Daphne,Yellow,1991
A/A,hybrid,Daphne,Yellow,1991
G/G,hybrid,Daphne,Pink,1991
G/A,hybrid,Daphne,Pink,1991
G/G,hybrid,Daphne,Pink,1991
A/A,hybrid,Daphne,Yellow,1991
G/A,hybrid,Daphne,Pink,1991
G/G,hybrid,Daphne,Pink,1991
G/G,hybrid,Daphne,Pink,1991
G/G,hybrid,Daphne,Pink,1991
G/A,hybrid,Daphne,Pink,1991
G/A,hybrid,Daphne,Pink,1991
G/A,hybrid,Daphne,Pink,1991
G/A,hybrid,Daphne,Pink,1991
G/A,hybrid,Daphne,Pink,1991
G/A,hybrid,Daphne,Pink,1991
A/A,hybrid,Daphne,Yellow,1991
G/A,hybrid,Daphne,Pink,1991
A/A,hybrid,Daphne,Yellow,1991
G/A,hybrid,Daphne,Pink,1991
G/A,hybrid,Daphne,Pink,1991
G/A,hybrid,Daphne,Pink,1987
G/A,hybrid,Daphne,Pink,1987
G/A,hybrid,Daphne,Pink,1987
A/A,hybrid,Daphne,Yellow,1987
G/G,hybrid,Daphne,Pink,1992
G/G,hybrid,Daphne,Pink,1992
G/G,hybrid,Daphne,Pink,1987
G/G,hybrid,Daphne,Pink,1990
G/A,hybrid,Daphne,Pink,1990
G/G,hybrid,Daphne,Pink,1991
G/A,hybrid,Daphne,Pink,1991
G/A,hybrid,Daphne,Pink,1991
G/A,hybrid,Daphne,Pink,1991
G/G,hybrid,Daphne,Pink,1993
A/A,hybrid,Daphne,Yellow,1993
G/G,hybrid,Daphne,Pink,1991
G/G,hybrid,Daphne,Pink,1991
G/G,hybrid,Daphne,Pink,1991
G/A,hybrid,Daphne,Pink,1990
A/A,hybrid,Daphne,Yellow,1990
A/A,hybrid,Daphne,Yellow,1991
G/A,hybrid,Daphne,Pink,1991
A/A,hybrid,Daphne,Yellow,1991
G/G,hybrid,Daphne,Pink,1991
G/A,hybrid,Daphne,Pink,1991
G/A,hybrid,Daphne,Pink,1991
G/A,hybrid,Daphne,Pink,1991
G/G,hybrid,Daphne,Pink,1991
G/G,hybrid,Daphne,Pink,1991
G/A,hybrid,Daphne,Pink,1991
G/A,hybrid,Daphne,Pink,1991
G/A,hybrid,Daphne,Pink,1991
G/G,hybrid,Daphne,Pink,1991
G/A,hybrid,Daphne,Pink,1991
A/A,hybrid,Daphne,Yellow,1991
G/A,hybrid,Daphne,Pink,1991
G/A,hybrid,Daphne,Pink,1991
A/A,hybrid,Daphne,Yellow,1991
G/A,hybrid,Daphne,Pink,1991
G/A,hybrid,Daphne,Pink,1991
G/G,hybrid,Daphne,Pink,1991
G/A,hybrid,Daphne,Pink,1991
G/A,hybrid,Daphne,Pink,1991
G/G,hybrid,Daphne,Pink,1991
G/A,hybrid,Daphne,Pink,1991
G/A,hybrid,Daphne,Pink,1991
G/A,hybrid,Daphne,Pink,1991
A/A,hybrid,Daphne,Yellow,1991
G/A,hybrid,Daphne,Pink,1992
G/A,hybrid,Daphne,Pink,1992
G/A,hybrid,Daphne,Pink,1992
A/A,hybrid,Daphne,Yellow,1993
G/A,hybrid,Daphne,Pink,1993
A/A,hybrid,Daphne,Yellow,1991
A/A,hybrid,Daphne,Yellow,1991
G/A,hybrid,Daphne,Pink,1991
G/A,hybrid,Daphne,Pink,1991
G/G,hybrid,Daphne,Pink,1991
G/G,hybrid,Daphne,Pink,1991
G/G,hybrid,Daphne,Pink,1991
G/G,hybrid,Daphne,Pink,1991
G/G,hybrid,Daphne,Pink,1991
G/A,hybrid,Daphne,Pink,1991
G/A,hybrid,Daphne,Pink,1992
G/G,hybrid,Daphne,Pink,1991
G/G,hybrid,Daphne,Pink,1991
G/G,hybrid,Daphne,Pink,1993
G/G,hybrid,Daphne,Pink,1993
A/A,hybrid,Daphne,Yellow,1993
G/A,hybrid,Daphne,Pink,1998
A/A,hybrid,Daphne,Yellow,1991
G/A,hybrid,Daphne,Pink,1991
G/G,hybrid,Daphne,Pink,1991
G/A,hybrid,Daphne,Pink,1991
G/A,hybrid,Daphne,Pink,1991
G/A,hybrid,Daphne,Pink,1991
G/A,hybrid,Daphne,Pink,1991
G/A,hybrid,Daphne,Pink,1991
G/A,hybrid,Daphne,Pink,1991
A/A,hybrid,Daphne,Yellow,1991
A/A,hybrid,Daphne,Yellow,1991
G/A,hybrid,Daphne,Pink,1991
A/A,hybrid,Daphne,Yellow,1991
G/A,hybrid,Daphne,Pink,1991
G/G,hybrid,Daphne,Pink,1991
G/G,hybrid,Daphne,Pink,1991
G/G,hybrid,Daphne,Pink,1991
G/A,hybrid,Daphne,Pink,1991
G/G,hybrid,Daphne,Pink,1991
G/G,hybrid,Daphne,Pink,1991
G/G,hybrid,Daphne,Pink,1991
G/A,hybrid,Daphne,Pink,1991
G/A,hybrid,Daphne,Pink,1991
G/A,hybrid,Daphne,Pink,1991
G/A,hybrid,Daphne,Pink,1991
A/A,hybrid,Daphne,Yellow,1991
G/A,hybrid,Daphne,Pink,1991
G/A,hybrid,Daphne,Pink,1991
G/G,hybrid,Daphne,Pink,1991
G/A,hybrid,Daphne,Pink,1992
A/A,hybrid,Daphne,Yellow,1993
A/A,hybrid,Daphne,Yellow,1993
G/G,hybrid,Daphne,Pink,1993
A/A,hybrid,Daphne,Yellow,1993
G/A,hybrid,Daphne,Pink,1993
G/A,hybrid,Daphne,Pink,1993
G/G,hybrid,Daphne,Pink,1991
G/G,hybrid,Daphne,Pink,1991
G/A,hybrid,Daphne,Pink,1991
G/A,hybrid,Daphne,Pink,1991
G/G,hybrid,Daphne,Pink,1991
G/A,hybrid,Daphne,Pink,1991
A/A,hybrid,Daphne,Yellow,1991
A/A,hybrid,Daphne,Yellow,1991
G/A,hybrid,Daphne,Pink,1991
G/A,hybrid,Daphne,Pink,1991
G/G,hybrid,Daphne,Pink,1991
G/A,hybrid,Daphne,Pink,1992
A/A,hybrid,Daphne,Yellow,1993
G/A,hybrid,Daphne,Pink,1993
G/G,hybrid,Daphne,Pink,1992
G/G,hybrid,Daphne,Pink,1992
G/A,hybrid,Daphne,Pink,1998
G/A,hybrid,Daphne,Pink,1992
G/A,hybrid,Daphne,Pink,1993
G/G,hybrid,Daphne,Pink,1993
G/G,hybrid,Daphne,Pink,1993
A/A,hybrid,Daphne,Yellow,1992
A/A,hybrid,Daphne,Yellow,1997
A/A,hybrid,Daphne,Yellow,1997
A/A,hybrid,Daphne,Yellow,1997
A/A,hybrid,Daphne,Yellow,1997
G/G,hybrid,Daphne,Pink,1995
G/A,hybrid,Daphne,Pink,1995
G/G,hybrid,Daphne,Pink,1993
G/G,hybrid,Daphne,Pink,1993
G/G,hybrid,Daphne,Pink,1993
G/A,hybrid,Daphne,Pink,1993
G/G,hybrid,Daphne,Pink,1993
G/G,hybrid,Daphne,Pink,1992
A/A,hybrid,Daphne,Yellow,1993
A/A,hybrid,Daphne,Yellow,1993
G/G,hybrid,Daphne,Pink,1993
A/A,hybrid,Daphne,Yellow,1993
G/A,hybrid,Daphne,Pink,1995
G/A,hybrid,Daphne,Pink,1995
A/A,hybrid,Daphne,Yellow,1995
G/A,hybrid,Daphne,Pink,1998
G/A,hybrid,Daphne,Pink,1998
G/A,hybrid,Daphne,Pink,1998
G/A,hybrid,Daphne,Pink,1993
G/A,hybrid,Daphne,Pink,1998
G/A,fortis,Daphne,Yellow,1984
A/A,fortis,Daphne,Pink,1987
A/A,fortis,Daphne,Pink,1987
A/A,fortis,Daphne,Pink,1987
G/A,fortis,Daphne,Yellow,1987
A/A,fortis,Daphne,Pink,1987
G/A,fortis,Daphne,Yellow,1987
A/A,fortis,Daphne,Pink,1987
A/A,fortis,Daphne,Pink,1987
A/A,fortis,Daphne,Pink,1987
G/A,fortis,Daphne,Yellow,1991
G/A,fortis,Daphne,Yellow,1991
A/A,fortis,Daphne,Pink,1992
A/A,hybrid,Daphne,Pink,1998
G/A,hybrid,Daphne,Yellow,1998
G/G,scandens,Daphne,Pink,1987
A/A,scandens,Daphne,Pink,1987
G/A,hybrid,Daphne,Yellow,1998
A/A,scandens,Daphne,Pink,1993
A/A,hybrid,Daphne,Pink,1995
G/A,scandens,Daphne,Pink,1978
G/A,scandens,Daphne,Pink,1978
A/A,scandens,Daphne,Pink,1981
A/A,hybrid,Daphne,Pink,1994
A/A,hybrid,Daphne,Yellow,1991
A/A,hybrid,Daphne,Pink,1991
A/A,hybrid,Daphne,Pink,1993
A/A,hybrid,Daphne,Pink,1993
G/A,fuliginosa,Daphne,,2011
G/A,fuliginosa,Daphne,,1984
G/A,fuliginosa,Daphne,,1987
G/A,fuliginosa,Daphne,,1991
G/G,fuliginosa,Daphne,,1993
G/A,fuliginosa,Daphne,,1993
G/G,fuliginosa,Daphne,,1993
G/G,fuliginosa,Daphne,,1993
G/A,fuliginosa,Daphne,,1992
A/A,fuliginosa,Daphne,,1992
G/G,fuliginosa,Daphne,,1993
A/A,fuliginosa,Daphne,,1992
G/A,fuliginosa,Daphne,,1992
G/G,fuliginosa,Daphne,,2009
G/A,fuliginosa,Daphne,,2009
A/A,fuliginosa,Daphne,,2005
G/A,fuliginosa,Daphne,,2007
A/A,fuliginosa,Daphne,,2008
G/A,fuliginosa,Daphne,,2008
A/A,fuliginosa,Daphne,,2008
A/A,fuliginosa,Daphne,,2008
A/A,fuliginosa,Daphne,,2008
G/A,fuliginosa,Daphne,,2008
A/A,fuliginosa,Daphne,,2008
G/A,fuliginosa,Daphne,,2001
G/A,fuliginosa,Daphne,,2001
G/G,fuliginosa,Daphne,,2003
G/G,fuliginosa,Daphne,,2010
G/A,fuliginosa,Daphne,,2005
G/A,fuliginosa,Daphne,,2010
G/G,fuliginosa,Daphne,,2010
G/G,fuliginosa,Daphne,,2005
G/A,fuliginosa,Daphne,,2010
A/A,fuliginosa,Daphne,,2010
A/A,fuliginosa,Daphne,,2010
G/G,fuliginosa,San Cristobal,,NA
G/G,fuliginosa,San Cristobal,,NA
G/A,fuliginosa,San Cristobal,,NA
G/G,fuliginosa,San Cristobal,,NA
G/A,fuliginosa,San Cristobal,,NA
G/G,fuliginosa,San Cristobal,,NA
G/G,fuliginosa,San Cristobal,,NA
G/G,fuliginosa,San Cristobal,,NA
G/G,fuliginosa,San Cristobal,,NA
G/A,fuliginosa,San Cristobal,,NA
G/A,fuliginosa,San Cristobal,,NA
G/G,fuliginosa,San Cristobal,,NA
G/A,fuliginosa,San Cristobal,,NA
G/G,fuliginosa,San Cristobal,,NA
G/G,fuliginosa,San Cristobal,,NA
G/G,fuliginosa,San Cristobal,,NA
G/G,fuliginosa,San Cristobal,,NA
G/G,fuliginosa,San Cristobal,,NA
G/A,fuliginosa,San Cristobal,,NA
G/G,fuliginosa,San Cristobal,,NA
G/G,fuliginosa,San Cristobal,,NA
G/A,fuliginosa,San Cristobal,,NA
G/G,fuliginosa,San Cristobal,,NA
G/G,fuliginosa,San Cristobal,,NA
G/A,fuliginosa,San Cristobal,,NA
G/G,fuliginosa,San Cristobal,,NA
G/A,fuliginosa,San Cristobal,,NA
G/A,fuliginosa,San Cristobal,,NA
A/A,fuliginosa,San Cristobal,,NA
G/G,fuliginosa,San Cristobal,,NA
G/G,fuliginosa,San Cristobal,,NA
G/A,fuliginosa,San Cristobal,,NA
G/G,fuliginosa,San Cristobal,,NA
G/A,fuliginosa,San Cristobal,,NA
G/G,fuliginosa,San Cristobal,,NA
G/G,fuliginosa,San Cristobal,,NA
G/A,fuliginosa,San Cristobal,,NA
G/G,fuliginosa,San Cristobal,,NA
G/A,fuliginosa,San Cristobal,,NA
A/A,fuliginosa,San Cristobal,,NA
G/G,fuliginosa,San Cristobal,,NA
A/A,fuliginosa,San Cristobal,,NA
G/G,fuliginosa,San Cristobal,,NA
G/A,fuliginosa,San Cristobal,,NA
G/A,fuliginosa,San Cristobal,,NA
G/G,fuliginosa,San Cristobal,,NA
G/A,fuliginosa,San Cristobal,,NA
G/G,fortis,Daphne,,1983
G/A,fortis,Daphne,,1988
A/A,fortis,Daphne,,1983
G/G,fortis,Daphne,,1984
G/G,fortis,Daphne,,1984
A/A,fortis,Daphne,,1984
G/A,fortis,Daphne,,1984
G/A,fortis,Daphne,Pink,1987
G/A,fortis,Daphne,,1984
G/G,fortis,Daphne,,1987
G/A,fortis,Daphne,,1987
A/A,fortis,Daphne,,1987
G/G,fortis,Daphne,,1987
G/A,fortis,Daphne,,1987
G/A,fortis,Daphne,,1987
G/A,fortis,Daphne,,1987
G/G,fortis,Daphne,,1987
G/A,fortis,Daphne,,1987
G/A,fortis,Daphne,,1981
A/A,fortis,Daphne,,1987
A/A,fortis,Daphne,,1987
G/G,fortis,Daphne,,1987
G/A,fortis,Daphne,,1987
G/A,fortis,Daphne,,1987
G/G,fortis,Daphne,,1978
G/G,fortis,Daphne,,1987
G/A,fortis,Daphne,,1978
G/G,fortis,Daphne,,1987
G/G,fortis,Daphne,,1991
G/A,fortis,Daphne,,1991
G/A,fortis,Daphne,,1991
G/A,fortis,Daphne,,1991
G/A,fortis,Daphne,,1991
A/A,fortis,Daphne,,1991
A/A,fortis,Daphne,,1991
G/G,fortis,Daphne,,1991
G/A,fortis,Daphne,,1991
G/G,fortis,Daphne,,1991
G/A,fortis,Daphne,,1991
G/G,fortis,Daphne,,1993
G/A,fortis,Daphne,,1992
G/G,fortis,Daphne,,1992
G/A,fortis,Daphne,,1992
G/G,fortis,Daphne,,1992
G/A,fortis,Daphne,,1992
G/A,fortis,Daphne,,1992
G/G,fortis,Daphne,,1992
G/G,fortis,Daphne,,1992
G/A,fortis,Daphne,,1992
G/G,fortis,Daphne,,1992
G/G,fortis,Daphne,,1992
G/A,fortis,Daphne,,1992
G/G,fortis,Daphne,,1992
G/G,fortis,Daphne,,1992
G/G,fortis,Daphne,,1992
G/A,fortis,Daphne,,1992
G/A,fortis,Daphne,,1992
G/A,fortis,Daphne,,1992
G/A,fortis,Daphne,,1992
G/A,fortis,Daphne,,1992
A/A,fortis,Daphne,,1992
G/G,fortis,Daphne,,1992
G/A,fortis,Daphne,,1992
A/A,fortis,Daphne,,1992
G/G,fortis,Daphne,,1992
A/A,fortis,Daphne,,1992
G/G,fortis,Daphne,,1992
G/G,fortis,Daphne,,1992
G/A,fortis,Daphne,,1992
G/G,fortis,Daphne,,1992
G/G,fortis,Daphne,,1992
G/A,fortis,Daphne,,1992
A/A,fortis,Daphne,,1992
G/A,fortis,Daphne,,1992
G/A,fortis,Daphne,,1992
G/A,fortis,Daphne,,1992
G/A,fortis,Daphne,,1992
G/A,fortis,Daphne,,1992
G/A,fortis,Daphne,,1992
G/A,fortis,Daphne,,1992
G/A,fortis,Daphne,,1992
G/G,fortis,Daphne,,1992
G/A,fortis,Daphne,,1992
G/A,fortis,Daphne,,1992
G/G,fortis,Daphne,,1992
G/G,fortis,Daphne,,1992
G/G,fortis,Daphne,,1992
A/A,fortis,Daphne,,1992
G/G,fortis,Daphne,,1992
G/A,fortis,Daphne,,1992
G/A,fortis,Daphne,,1992
G/G,fortis,Daphne,,1992
G/G,fortis,Daphne,,1992
G/A,fortis,Daphne,,1992
G/G,fortis,Daphne,,1992
G/G,fortis,Daphne,,1992
A/A,fortis,Daphne,,1992
G/G,fortis,Daphne,,1992
G/G,fortis,Daphne,,1992
G/A,fortis,Daphne,,1992
G/A,fortis,Daphne,,1992
G/G,fortis,Daphne,,1992
G/A,fortis,Daphne,,1992
G/A,fortis,Daphne,,1992
A/A,fortis,Daphne,,1992
G/G,fortis,Daphne,,1992
A/A,fortis,Daphne,,1992
G/A,fortis,Daphne,,1992
G/A,fortis,Daphne,,1992
G/G,fortis,Daphne,,1992
G/A,fortis,Daphne,,1992
G/G,fortis,Daphne,,1992
G/A,fortis,Daphne,,1992
G/G,fortis,Daphne,,1992
G/G,fortis,Daphne,,1995
G/A,fortis,Daphne,,2002
G/G,fortis,Daphne,,2002
G/A,fortis,Daphne,,2002
G/G,fortis,Daphne,,2002
G/A,fortis,Daphne,,2005
G/A,fortis,Daphne,,2002
G/A,fortis,Daphne,,2005
G/A,fortis,Daphne,,2002
G/A,fortis,Daphne,,2002
G/A,fortis,Daphne,,2009
A/A,fortis,Daphne,,2007
G/A,fortis,Daphne,,2009
G/G,fortis,Daphne,,2009
G/A,fortis,Daphne,,2002
A/A,fortis,Daphne,,2009
G/A,fortis,Daphne,,2007
A/A,fortis,Daphne,,2002
G/A,fortis,Daphne,,2002
G/G,fortis,Daphne,,2002
G/G,fortis,Daphne,,2009
G/A,fortis,Daphne,,2009
G/A,fortis,Daphne,,2007
G/A,fortis,Daphne,,2009
G/G,fortis,Daphne,,2009
G/A,fortis,Daphne,,2002
G/A,fortis,Daphne,,2007
G/A,fortis,Daphne,,2002
A/A,fortis,Daphne,,2002
G/A,fortis,Daphne,,2002
G/A,fortis,Daphne,,2002
G/A,fortis,Daphne,,2007
G/G,fortis,Daphne,,2002
G/A,fortis,Daphne,,2007
G/G,fortis,Daphne,,2007
G/A,fortis,Daphne,,2002
A/A,fortis,Daphne,,2002
G/G,fortis,Daphne,,2002
G/A,fortis,Daphne,,2002
A/A,fortis,Daphne,,2009
G/A,fortis,Daphne,,2007
G/G,fortis,Daphne,,2002
G/A,fortis,Daphne,,2007
A/A,fortis,Daphne,,2009
A/A,fortis,Daphne,,2001
G/G,fortis,Daphne,,2002
A/A,fortis,Daphne,,2009
G/G,fortis,Daphne,,2009
G/A,fortis,Daphne,,2002
A/A,fortis,Daphne,,2009
G/G,fortis,Daphne,,2009
G/A,fortis,Daphne,,2009
A/A,fortis,Daphne,,2009
G/G,fortis,Daphne,,2009
G/A,fortis,Daphne,,2001
G/A,fortis,Daphne,,2009
G/G,fortis,Daphne,,2001
G/G,fortis,Daphne,,2001
A/A,fortis,Daphne,,2000
G/G,fortis,Daphne,,2009
G/G,fortis,Daphne,,2009
G/G,fortis,Daphne,,2009
G/A,fortis,Daphne,,2000
A/A,fortis,Daphne,,2001
G/G,fortis,Daphne,,2000
G/G,fortis,Daphne,,2000
G/A,fortis,Daphne,,2001
G/G,fortis,Daphne,,2000
G/A,fortis,Daphne,,2009
G/G,fortis,Daphne,,2001
A/A,fortis,Daphne,,2000
G/A,fortis,Daphne,,2000
G/A,fortis,Daphne,,2001
G/A,fortis,Daphne,,2009
G/A,fortis,Daphne,,2001
G/A,fortis,Daphne,,2001
G/G,fortis,Daphne,,2001
G/A,fortis,Daphne,,2001
G/A,fortis,Daphne,,2001
G/G,fortis,Daphne,,2001
G/A,fortis,Daphne,,2001
G/A,fortis,Daphne,,2001
G/G,fortis,Daphne,,2002
G/A,fortis,Daphne,,2001
A/A,fortis,Daphne,,2001
G/G,fortis,Daphne,,2001
G/A,fortis,Daphne,,2001
G/A,fortis,Daphne,,2001
G/G,fortis,Daphne,,2001
G/A,bigbirds,Daphne,,2005
G/A,fortis,Daphne,,2007
G/A,fortis,Daphne,,2007
G/G,fortis,Daphne,,2007
G/G,fortis,Daphne,,2007
A/A,fortis,Daphne,,2007
A/A,fortis,Daphne,,2007
G/A,fortis,Daphne,,2007
G/G,fortis,Daphne,,2007
G/A,fortis,Daphne,,2007
G/G,fortis,Daphne,,2007
G/G,fortis,Daphne,,2007
G/A,fortis,Daphne,,2007
G/G,fortis,Daphne,,2007
G/G,fortis,Daphne,,2007
G/G,fortis,Daphne,,2007
G/G,fortis,Daphne,,2007
G/A,fortis,Daphne,,2007
G/G,fortis,Daphne,,2007
G/A,fortis,Daphne,,2007
G/A,fortis,Daphne,,2007
G/A,fortis,Daphne,,2001
G/G,fortis,Daphne,,2001
G/A,fortis,Daphne,,2001
G/A,fortis,Daphne,,2001
G/G,fortis,Daphne,,2002
G/A,fortis,Daphne,,2002
G/G,fortis,Daphne,,2008
A/A,fortis,Daphne,,2001
G/G,fortis,Daphne,,2001
G/A,fortis,Daphne,,2001
G/A,fortis,Daphne,,2001
A/A,fortis,Daphne,,2001
G/A,fortis,Daphne,,2001
G/A,fortis,Daphne,,2008
G/A,fortis,Daphne,,2008
G/A,fortis,Daphne,,2008
G/A,fortis,Daphne,,2001
G/A,fortis,Daphne,,2001
G/A,fortis,Daphne,,2001
A/A,fortis,Daphne,,2001
G/A,fortis,Daphne,,2001
G/A,fortis,Daphne,,2001
G/G,fortis,Daphne,,2009
G/A,fortis,Daphne,,2001
G/A,fortis,Daphne,,2001
G/G,fortis,Daphne,,2001
A/A,fortis,Daphne,,2009
G/G,fortis,Daphne,,2001
A/A,fortis,Daphne,,2001
G/A,fortis,Daphne,,2001
G/A,fortis,Daphne,,2001
A/A,fortis,Daphne,,2009
G/A,fortis,Daphne,,2009
A/A,fortis,Daphne,,2001
G/A,fortis,Daphne,,2001
G/A,fortis,Daphne,,2009
G/A,fortis,Daphne,,2009
G/A,fortis,Daphne,,2001
G/G,fortis,Daphne,,2001
G/G,fortis,Daphne,,2001
A/A,fortis,Daphne,,2008
A/A,fortis,Daphne,,2008
G/G,fortis,Daphne,,2008
A/A,fortis,Daphne,,2008
G/A,fortis,Daphne,,2008
G/A,fortis,Daphne,,2008
G/G,fortis,Daphne,,2008
G/G,fortis,Daphne,,2008
A/A,fortis,Daphne,,2008
G/A,fortis,Daphne,,2008
G/A,fortis,Daphne,,2008
A/A,fortis,Daphne,,2008
G/A,fortis,Daphne,,2008
G/G,fortis,Daphne,,2008
G/A,fortis,Daphne,,2008
G/A,fortis,Daphne,,2008
G/A,fortis,Daphne,,2008
G/A,fortis,Daphne,,2008
G/A,fortis,Daphne,,2008
G/G,fortis,Daphne,,2008
G/A,fortis,Daphne,,2008
A/A,fortis,Daphne,,2008
A/A,fortis,Daphne,,2008
G/G,fortis,Daphne,,2008
G/G,fortis,Daphne,,2008
A/A,fortis,Daphne,,2008
G/A,fortis,Daphne,,2008
A/A,fortis,Daphne,,2008
G/A,fortis,Daphne,,2008
G/A,fortis,Daphne,,2008
G/A,fortis,Daphne,,2008
A/A,fortis,Daphne,,2008
G/G,fortis,Daphne,,2008
G/A,fortis,Daphne,,2008
G/G,fortis,Daphne,,2008
G/A,fortis,Daphne,,2008
G/G,fortis,Daphne,,2008
G/A,fortis,Daphne,,2008
A/A,fortis,Daphne,,2008
G/A,fortis,Daphne,,2008
G/G,fortis,Daphne,,2008
G/G,fortis,Daphne,,2008
G/A,fortis,Daphne,,2008
G/A,fortis,Daphne,,2008
G/A,fortis,Daphne,,2008
A/A,fortis,Daphne,,2008
G/G,fortis,Daphne,,2008
G/A,fortis,Daphne,,2008
G/G,fortis,Daphne,,2008
G/G,fortis,Daphne,,2008
G/G,fortis,Daphne,,2008
A/A,fortis,Daphne,,2008
G/A,fortis,Daphne,,2008
G/A,fortis,Daphne,,2008
A/A,fortis,Daphne,,2008
G/A,fortis,Daphne,,2008
G/A,fortis,Daphne,,2008
G/A,fortis,Daphne,,2008
G/A,fortis,Daphne,,2008
G/G,fortis,Daphne,,2008
G/G,fortis,Daphne,,2009
G/A,fortis,Daphne,,2009
G/A,fortis,Daphne,,2002
G/G,fortis,Daphne,,2002
A/A,fortis,Daphne,,2009
G/A,fortis,Daphne,,2009
G/A,fortis,Daphne,,2009
G/A,fortis,Daphne,,2009
G/A,fortis,Daphne,,2009
G/G,fortis,Daphne,,2009
G/A,fortis,Daphne,,2001
A/A,fortis,Daphne,,2001
G/G,fortis,Daphne,,2001
G/G,fortis,Daphne,,2009
G/A,fortis,Daphne,,2009
G/A,fortis,Daphne,,2009
A/A,fortis,Daphne,,2009
G/A,fortis,Daphne,,2009
G/G,fortis,Daphne,,2009
G/A,fortis,Daphne,,2009
A/A,fortis,Daphne,,2001
G/A,fortis,Daphne,,2002
G/A,fortis,Daphne,,2001
G/G,fortis,Daphne,,2009
A/A,fortis,Daphne,,2001
G/G,fortis,Daphne,,2009
G/A,fortis,Daphne,,2009
G/A,fortis,Daphne,,2001
G/A,fortis,Daphne,,2001
G/A,fortis,Daphne,,2001
G/G,fortis,Daphne,,2009
G/A,fortis,Daphne,,2001
G/A,fortis,Daphne,,2001
G/G,fortis,Daphne,,2010
G/A,fortis,Daphne,,2010
A/A,fortis,Daphne,,2003
A/A,fortis,Daphne,,2010
G/G,fortis,Daphne,,2009
G/A,fortis,Daphne,,2009
G/A,fortis,Daphne,,2010
G/G,fortis,Daphne,,2010
G/G,fortis,Daphne,,2010
A/A,fortis,Daphne,,2003
G/G,fortis,Daphne,,2010
G/A,fortis,Daphne,,2010
G/A,fortis,Daphne,,2003
G/G,fortis,Daphne,,2003
G/A,fortis,Daphne,,2003
G/A,fortis,Daphne,,2010
G/A,fortis,Daphne,,2010
G/A,fortis,Daphne,,2003
G/A,fortis,Daphne,,2003
G/G,fortis,Daphne,,2003
G/A,fortis,Daphne,,2003
G/A,fortis,Daphne,,2003
A/A,fortis,Daphne,,2003
G/A,fortis,Daphne,,2005
G/G,fortis,Daphne,,2010
G/A,fortis,Daphne,,2010
G/A,fortis,Daphne,,2010
G/A,fortis,Daphne,,2010
A/A,fortis,Daphne,,2005
G/A,fortis,Daphne,,2010
G/G,fortis,Daphne,,2010
G/A,fortis,Daphne,,2010
G/A,fortis,Daphne,,2010
G/G,fortis,Daphne,,2010
A/A,fortis,Daphne,,2010
G/G,fortis,Daphne,,2010
G/G,fortis,Daphne,,2010
G/G,fortis,Daphne,,2005
G/G,fortis,Daphne,,2005
G/A,fortis,Daphne,,2010
G/A,fortis,Daphne,,2010
A/A,fortis,Daphne,,2010
A/A,fortis,Daphne,,2010
A/A,fortis,Daphne,,2010
G/A,fortis,Daphne,,2010
A/A,fortis,Daphne,,2010
G/A,fortis,Daphne,,2010
G/G,fortis,Daphne,,2010
G/G,fortis,Daphne,,2010
G/A,fortis,Daphne,,2010
G/A,fortis,Daphne,,2010
G/A,fortis,Daphne,,2010
G/G,fortis,Daphne,,2010
A/A,fortis,Daphne,,2010
G/G,fortis,Daphne,,2010
G/A,fortis,Daphne,,2010
G/G,fortis,Daphne,,2010
G/A,fortis,Daphne,,2010
G/A,fortis,Daphne,,2010
G/A,fortis,Daphne,,2010
G/A,fortis,Daphne,,2010
G/A,fortis,Daphne,,2010
G/A,fortis,Daphne,,2010
G/G,fortis,Daphne,,2010
G/A,fortis,Daphne,,2010
A/A,fortis,Daphne,,2010
A/A,fortis,Daphne,,2010
G/A,fortis,Daphne,,2010
G/A,fortis,Daphne,,2010
G/A,fortis,Daphne,,2010
G/A,fortis,Daphne,,2010
A/A,fortis,Daphne,,2010
A/A,fortis,Daphne,,2010
A/A,fortis,Daphne,,2010
G/A,fortis,Daphne,,2010
G/A,fortis,Daphne,,2010
A/A,fortis,Daphne,,2010
G/A,fortis,Daphne,,2010
G/A,fortis,Daphne,,2010
G/A,fortis,Daphne,,2010
G/A,fortis,Daphne,,2010
G/A,fortis,Daphne,,2010
G/A,fortis,Daphne,,2010
G/A,fortis,Daphne,,2010
G/A,fortis,Daphne,,2010
A/A,fortis,Daphne,,2010
G/A,fortis,Daphne,,2010
G/A,fortis,Daphne,,2010
G/A,fortis,Daphne,,2010
A/A,fortis,Daphne,,2010
G/A,fortis,Daphne,,2010
G/G,fortis,Daphne,,2010
G/A,fortis,Daphne,,2010
G/G,fortis,Daphne,,2010
G/A,fortis,Daphne,,2010
G/A,fortis,Daphne,,2011
G/G,fortis,Daphne,,2011
G/A,fortis,Daphne,,2011
G/G,fortis,Daphne,,2011
G/A,fortis,Daphne,,2011
G/A,fortis,Daphne,,2011
G/G,fortis,Daphne,,2011
A/A,fortis,Daphne,,2011
A/A,fortis,Daphne,,2011
G/A,fortis,Daphne,,2011
A/A,fortis,Daphne,,2011
G/A,fortis,Daphne,,2011
G/A,fortis,Daphne,,2011
G/G,fortis,Daphne,,2011
G/A,fortis,Daphne,,2011
G/A,fortis,Daphne,,2011
G/A,fortis,Daphne,,2011
G/A,fortis,Daphne,,2011
A/A,fortis,Daphne,,2011
G/G,fortis,Daphne,,2011
G/A,fortis,Daphne,,1978
A/A,fortis,Daphne,,1978
G/G,magnirostris,Genovesa,,NA
G/A,magnirostris,Genovesa,,NA
A/A,magnirostris,Genovesa,,NA
G/G,magnirostris,Genovesa,,NA
G/G,magnirostris,Genovesa,,NA
G/G,magnirostris,Genovesa,,NA
G/G,magnirostris,Genovesa,,NA
G/A,magnirostris,Genovesa,,NA
G/G,magnirostris,Genovesa,,NA
G/G,magnirostris,Genovesa,,NA
G/G,magnirostris,Genovesa,,NA
G/G,magnirostris,Genovesa,,NA
A/A,magnirostris,Genovesa,,NA
G/A,magnirostris,Genovesa,,NA
G/A,magnirostris,Genovesa,,NA
A/A,magnirostris,Genovesa,,NA
G/G,magnirostris,Genovesa,,NA
A/A,magnirostris,Genovesa,,NA
G/G,magnirostris,Genovesa,,NA
G/G,magnirostris,Genovesa,,NA
G/G,magnirostris,Genovesa,,NA
G/A,magnirostris,Genovesa,,NA
A/A,scandens,Daphne,,1984
A/A,scandens,Daphne,,1987
G/A,scandens,Daphne,,1987
A/A,scandens,Daphne,,1987
A/A,scandens,Daphne,,1987
G/G,scandens,Daphne,,1987
G/G,scandens,Daphne,,1987
A/A,scandens,Daphne,,1991
G/A,scandens,Daphne,,1991
A/A,scandens,Daphne,,1991
G/A,scandens,Daphne,,1983
G/G,scandens,Daphne,,1991
G/G,scandens,Daphne,,1991
G/A,scandens,Daphne,,1991
G/A,scandens,Daphne,,1993
G/A,scandens,Daphne,,1993
A/A,scandens,Daphne,,1993
G/A,scandens,Daphne,,1993
G/A,scandens,Daphne,,1993
G/A,scandens,Daphne,,1993
G/A,scandens,Daphne,,1993
A/A,scandens,Daphne,,1993
A/A,scandens,Daphne,,1993
G/A,scandens,Daphne,,1993
A/A,scandens,Daphne,,1993
G/A,scandens,Daphne,,1993
G/A,scandens,Daphne,,1993
G/G,scandens,Daphne,,1993
A/A,scandens,Daphne,,1993
G/A,scandens,Daphne,,1993
G/A,scandens,Daphne,,1992
G/A,scandens,Daphne,,1993
G/A,scandens,Daphne,,1993
A/A,scandens,Daphne,,1992
G/A,scandens,Daphne,,1993
G/A,scandens,Daphne,,1993
G/A,scandens,Daphne,,1993
A/A,scandens,Daphne,,1992
G/A,scandens,Daphne,,1992
G/G,scandens,Daphne,,1992
G/G,scandens,Daphne,,1992
G/A,scandens,Daphne,,1992
G/A,scandens,Daphne,,1992
A/A,scandens,Daphne,,1992
G/A,scandens,Daphne,,1992
G/A,scandens,Daphne,,1992
G/G,scandens,Daphne,,1992
G/A,scandens,Daphne,,1992
G/A,scandens,Daphne,,1992
A/A,scandens,Daphne,,1992
G/A,scandens,Daphne,,1992
G/G,scandens,Daphne,,1992
G/A,scandens,Daphne,,1992
G/A,scandens,Daphne,,1992
G/G,scandens,Daphne,,1992
G/A,scandens,Daphne,,1992
G/G,scandens,Daphne,,1992
G/G,scandens,Daphne,,1992
A/A,scandens,Daphne,,1992
G/G,scandens,Daphne,,1992
G/A,scandens,Daphne,,1992
G/G,scandens,Daphne,,1992
A/A,scandens,Daphne,,1992
A/A,scandens,Daphne,,1992
A/A,scandens,Daphne,,1992
G/A,scandens,Daphne,,1992
G/G,scandens,Daphne,,1993
A/A,scandens,Daphne,,1995
G/A,scandens,Daphne,,1995
A/A,scandens,Daphne,,1995
G/A,scandens,Daphne,,1995
G/A,scandens,Daphne,,1995
A/A,scandens,Daphne,,1995
G/A,scandens,Daphne,,1995
G/G,scandens,Daphne,,1995
G/G,scandens,Daphne,,1995
G/G,scandens,Daphne,,2009
A/A,scandens,Daphne,,2002
G/A,scandens,Daphne,,2002
A/A,scandens,Daphne,,2002
G/A,scandens,Daphne,,2002
G/A,scandens,Daphne,,2002
A/A,scandens,Daphne,,2002
A/A,scandens,Daphne,,2009
G/A,scandens,Daphne,,2009
G/A,scandens,Daphne,,2009
A/A,scandens,Daphne,,2009
G/A,scandens,Daphne,,2002
A/A,scandens,Daphne,,2007
A/A,scandens,Daphne,,2007
A/A,scandens,Daphne,,2002
G/G,scandens,Daphne,,2007
G/G,scandens,Daphne,,2002
G/G,scandens,Daphne,,2002
G/A,scandens,Daphne,,2002
G/A,scandens,Daphne,,2002
G/G,scandens,Daphne,,2002
G/A,scandens,Daphne,,2002
G/A,scandens,Daphne,,2002
G/G,scandens,Daphne,,2002
G/A,scandens,Daphne,,2000
G/A,scandens,Daphne,,2000
A/A,scandens,Daphne,,2002
A/A,scandens,Daphne,,2009
G/G,scandens,Daphne,,2009
G/G,scandens,Daphne,,2009
G/A,scandens,Daphne,,2009
G/A,scandens,Daphne,,2001
G/G,scandens,Daphne,,2000
G/A,scandens,Daphne,,2000
G/G,scandens,Daphne,,2000
G/A,scandens,Daphne,,2009
G/A,scandens,Daphne,,2000
G/A,scandens,Daphne,,2009
G/A,scandens,Daphne,,2001
G/A,scandens,Daphne,,2001
G/G,scandens,Daphne,,2009
G/A,scandens,Daphne,,2009
G/G,scandens,Daphne,,2009
G/G,scandens,Daphne,,2009
G/G,scandens,Daphne,,2002
G/A,scandens,Daphne,,2009
G/G,scandens,Daphne,,2000
G/G,scandens,Daphne,,1998
G/A,scandens,Daphne,,2007
G/G,scandens,Daphne,,2007
G/A,scandens,Daphne,,2005
G/G,scandens,Daphne,,2005
G/A,scandens,Daphne,,2007
G/G,scandens,Daphne,,2007
G/A,scandens,Daphne,,2007
G/G,scandens,Daphne,,2007
G/A,scandens,Daphne,,2005
G/G,scandens,Daphne,,2007
G/G,scandens,Daphne,,2007
A/A,scandens,Daphne,,2007
G/A,scandens,Daphne,,2007
G/A,scandens,Daphne,,2007
G/A,scandens,Daphne,,2007
G/A,scandens,Daphne,,2007
G/A,scandens,Daphne,,2007
G/A,scandens,Daphne,,2005
G/A,scandens,Daphne,,2007
G/A,scandens,Daphne,,2007
A/A,scandens,Daphne,,2007
G/G,scandens,Daphne,,2007
A/A,scandens,Daphne,,2007
G/A,scandens,Daphne,,2007
G/A,scandens,Daphne,,2000
G/A,scandens,Daphne,,2009
G/G,scandens,Daphne,,2009
G/G,scandens,Daphne,,2009
G/G,scandens,Daphne,,2009
A/A,scandens,Daphne,,2009
G/G,scandens,Daphne,,2009
G/A,scandens,Daphne,,2001
G/A,scandens,Daphne,,2000
G/A,scandens,Daphne,,2001
G/G,scandens,Daphne,,2000
G/A,scandens,Daphne,,2009
G/A,scandens,Daphne,,2001
G/A,scandens,Daphne,,2000
G/G,scandens,Daphne,,2009
G/A,scandens,Daphne,,2008
G/G,scandens,Daphne,,2008
G/G,scandens,Daphne,,2008
G/G,scandens,Daphne,,2008
A/A,scandens,Daphne,,2008
G/A,scandens,Daphne,,2008
G/A,scandens,Daphne,,2008
A/A,scandens,Daphne,,2008
G/A,scandens,Daphne,,2008
G/G,scandens,Daphne,,2008
G/G,scandens,Daphne,,2008
G/A,scandens,Daphne,,2008
A/A,scandens,Daphne,,2008
G/G,scandens,Daphne,,2008
G/A,scandens,Daphne,,2008
G/G,scandens,Daphne,,2008
G/A,scandens,Daphne,,2008
G/A,scandens,Daphne,,2008
G/A,scandens,Daphne,,2008
G/A,scandens,Daphne,,2008
G/A,scandens,Daphne,,2008
G/A,scandens,Daphne,,2008
G/G,scandens,Daphne,,2008
A/A,scandens,Daphne,,2008
G/G,scandens,Daphne,,2008
G/A,scandens,Daphne,,2008
G/G,scandens,Daphne,,2008
G/A,scandens,Daphne,,2008
G/G,scandens,Daphne,,2008
G/G,scandens,Daphne,,2008
G/A,scandens,Daphne,,2008
G/A,scandens,Daphne,,2008
A/A,scandens,Daphne,,2008
G/A,scandens,Daphne,,2008
G/A,scandens,Daphne,,2008
G/G,scandens,Daphne,,2008
G/G,scandens,Daphne,,2008
A/A,scandens,Daphne,,2008
G/G,scandens,Daphne,,2008
G/A,scandens,Daphne,,2008
G/A,scandens,Daphne,,2008
G/G,scandens,Daphne,,2008
G/A,scandens,Daphne,,2008
G/A,scandens,Daphne,,2008
G/A,scandens,Daphne,,2008
G/A,scandens,Daphne,,2008
G/G,scandens,Daphne,,2008
G/A,scandens,Daphne,,2008
G/A,scandens,Daphne,,2008
G/A,scandens,Daphne,,2008
G/G,scandens,Daphne,,2008
G/A,scandens,Daphne,,2008
G/G,scandens,Daphne,,2008
G/G,scandens,Daphne,,2008
A/A,scandens,Daphne,,2008
A/A,scandens,Daphne,,2008
G/A,scandens,Daphne,,2008
G/G,scandens,Daphne,,2008
G/A,scandens,Daphne,,2008
G/A,scandens,Daphne,,2008
A/A,scandens,Daphne,,2008
A/A,scandens,Daphne,,2008
G/A,scandens,Daphne,,2008
G/A,scandens,Daphne,,2008
G/A,scandens,Daphne,,2008
G/A,scandens,Daphne,,2008
G/A,scandens,Daphne,,2008
G/G,scandens,Daphne,,2008
G/A,scandens,Daphne,,2008
G/A,scandens,Daphne,,2008
G/G,scandens,Daphne,,2008
G/G,scandens,Daphne,,2008
G/A,scandens,Daphne,,2008
A/A,scandens,Daphne,,2008
G/A,scandens,Daphne,,2008
G/A,scandens,Daphne,,2008
G/A,scandens,Daphne,,2008
G/A,scandens,Daphne,,2008
G/G,scandens,Daphne,,2008
A/A,scandens,Daphne,,2008
G/G,scandens,Daphne,,2008
G/A,scandens,Daphne,,2008
G/A,scandens,Daphne,,2008
A/A,scandens,Daphne,,2008
G/A,scandens,Daphne,,2008
G/G,scandens,Daphne,,2008
G/A,scandens,Daphne,,2008
G/A,scandens,Daphne,,2008
G/A,scandens,Daphne,,2008
A/A,scandens,Daphne,,2008
G/G,scandens,Daphne,,1998
G/A,scandens,Daphne,,2000
G/A,scandens,Daphne,,2002
G/A,scandens,Daphne,,2000
G/A,scandens,Daphne,,2009
G/A,scandens,Daphne,,2002
G/G,scandens,Daphne,,2009
G/A,scandens,Daphne,,2002
A/A,scandens,Daphne,,2009
G/A,scandens,Daphne,,2009
G/A,scandens,Daphne,,2009
G/A,scandens,Daphne,,2002
A/A,scandens,Daphne,,2009
G/G,scandens,Daphne,,2000
G/A,scandens,Daphne,,2002
G/A,scandens,Daphne,,2002
G/G,scandens,Daphne,,2009
A/A,scandens,Daphne,,1998
G/G,scandens,Daphne,,2002
G/A,scandens,Daphne,,2002
A/A,scandens,Daphne,,2000
G/G,scandens,Daphne,,2009
A/A,scandens,Daphne,,2002
G/A,scandens,Daphne,,2002
A/A,scandens,Daphne,,2002
A/A,scandens,Daphne,,2002
G/G,scandens,Daphne,,2009
A/A,scandens,Daphne,,2002
G/G,scandens,Daphne,,2002
A/A,scandens,Daphne,,2002
G/G,scandens,Daphne,,2002
G/G,scandens,Daphne,,2003
G/A,scandens,Daphne,,2003
A/A,scandens,Daphne,,2003
G/A,scandens,Daphne,,2003
G/A,scandens,Daphne,,2003
G/A,scandens,Daphne,,2010
A/A,scandens,Daphne,,2003
G/A,scandens,Daphne,,2003
G/A,scandens,Daphne,,2009
G/G,scandens,Daphne,,2009
G/G,scandens,Daphne,,2009
G/G,scandens,Daphne,,2009
G/A,scandens,Daphne,,2010
A/A,scandens,Daphne,,2010
A/A,scandens,Daphne,,2003
G/A,scandens,Daphne,,2010
G/A,scandens,Daphne,,2003
G/A,scandens,Daphne,,2003
G/G,scandens,Daphne,,2009
G/G,scandens,Daphne,,2009
G/G,scandens,Daphne,,2009
G/G,scandens,Daphne,,2009
G/G,scandens,Daphne,,2009
A/A,scandens,Daphne,,2009
G/G,scandens,Daphne,,2010
G/A,scandens,Daphne,,2003
A/A,scandens,Daphne,,2003
A/A,scandens,Daphne,,2003
G/G,scandens,Daphne,,2003
G/A,scandens,Daphne,,2003
A/A,scandens,Daphne,,2003
G/A,scandens,Daphne,,2005
G/A,scandens,Daphne,,2005
G/G,scandens,Daphne,,2010
G/G,scandens,Daphne,,2010
G/G,scandens,Daphne,,2010
G/G,scandens,Daphne,,2010
A/A,scandens,Daphne,,2010
G/A,scandens,Daphne,,2005
G/G,scandens,Daphne,,2010
A/A,scandens,Daphne,,2010
G/G,scandens,Daphne,,2010
G/G,scandens,Daphne,,2010
G/A,scandens,Daphne,,2010
G/G,scandens,Daphne,,2010
G/A,scandens,Daphne,,2010
G/A,scandens,Daphne,,2010
G/A,scandens,Daphne,,2005
G/G,scandens,Daphne,,2010
A/A,scandens,Daphne,,2010
G/G,scandens,Daphne,,2005
G/G,scandens,Daphne,,2010
G/A,scandens,Daphne,,2005
G/A,scandens,Daphne,,2005
G/A,scandens,Daphne,,2005
A/A,scandens,Daphne,,2005
A/A,scandens,Daphne,,2010
G/G,scandens,Daphne,,2010
G/G,scandens,Daphne,,2005
G/G,scandens,Daphne,,2010
G/A,scandens,Daphne,,2010
A/A,scandens,Daphne,,2005
G/A,scandens,Daphne,,2005
A/A,scandens,Daphne,,2010
G/G,scandens,Daphne,,2010
G/A,scandens,Daphne,,2010
A/A,scandens,Daphne,,2010
G/G,scandens,Daphne,,2010
G/G,scandens,Daphne,,2010
A/A,scandens,Daphne,,2005
G/G,scandens,Daphne,,2010
G/G,scandens,Daphne,,2005
G/A,scandens,Daphne,,2005
G/G,scandens,Daphne,,2005
G/A,scandens,Daphne,,2005
G/A,scandens,Daphne,,2005
G/A,scandens,Daphne,,2005
G/A,scandens,Daphne,,2010
A/A,scandens,Daphne,,2010
G/A,scandens,Daphne,,2010
G/A,scandens,Daphne,,2010
G/A,scandens,Daphne,,2010
G/G,scandens,Daphne,,2010
G/A,scandens,Daphne,,2010
G/G,scandens,Daphne,,2010
G/G,scandens,Daphne,,2010
G/G,scandens,Daphne,,2010
G/G,scandens,Daphne,,2010
G/G,scandens,Daphne,,2010
G/A,scandens,Daphne,,2010
A/A,scandens,Daphne,,2010
G/A,scandens,Daphne,,2010
G/A,scandens,Daphne,,2010
G/A,scandens,Daphne,,2010
G/A,scandens,Daphne,,2010
A/A,scandens,Daphne,,2010
G/A,scandens,Daphne,,2010
A/A,scandens,Daphne,,2010
G/A,scandens,Daphne,,2010
G/A,scandens,Daphne,,2010
G/G,scandens,Daphne,,2010
G/G,scandens,Daphne,,2010
G/G,scandens,Daphne,,2010
G/A,scandens,Daphne,,2010
G/G,scandens,Daphne,,2010
G/G,scandens,Daphne,,2010
G/G,scandens,Daphne,,2010
G/A,scandens,Daphne,,2010
G/A,scandens,Daphne,,2010
G/A,scandens,Daphne,,2010
G/A,scandens,Daphne,,2010
A/A,scandens,Daphne,,2010
G/G,fortis,Daphne,,2010
G/A,scandens,Daphne,,2010
A/A,scandens,Daphne,,2010
G/G,scandens,Daphne,,2010
G/G,scandens,Daphne,,2010
G/A,scandens,Daphne,,2011
G/A,scandens,Daphne,,2011
G/G,scandens,Daphne,,2011
G/A,scandens,Daphne,,2011
A/A,scandens,Daphne,,2011
G/A,scandens,Daphne,,2011
A/A,scandens,Daphne,,2011
G/A,scandens,Daphne,,2011
G/A,scandens,Daphne,,2011
G/G,scandens,Daphne,,2011
G/G,scandens,Daphne,,2011
G/G,scandens,Daphne,,2011
G/A,scandens,Daphne,,2011
G/A,scandens,Daphne,,2011
G/A,scandens,Daphne,,2011
G/A,scandens,Daphne,,2011
G/A,scandens,Daphne,,2011
G/G,scandens,Daphne,,2011
G/A,scandens,Daphne,,2011
G/G,scandens,Daphne,,2011
A/A,scandens,Daphne,,2011
G/G,scandens,Daphne,,2011
G/A,scandens,Daphne,,2011
G/A,scandens,Daphne,,2011
G/A,scandens,Daphne,,2011
G/G,scandens,Daphne,,2011
G/G,scandens,Daphne,,2011
A/A,scandens,Daphne,,2011
G/A,scandens,Daphne,,1978
G/G,scandens,Daphne,,1975
A/A,scandens,San Cristobal,,NA
A/A,scandens,San Cristobal,,NA
G/A,scandens,San Cristobal,,NA
G/A,scandens,San Cristobal,,NA
G/A,scandens,San Cristobal,,NA
G/A,scandens,San Cristobal,,NA
A/A,scandens,San Cristobal,,NA
G/G,scandens,San Cristobal,,NA
G/G,scandens,San Cristobal,,NA
A/A,scandens,San Cristobal,,NA
G/A,scandens,San Cristobal,,NA
G/G,scandens,San Cristobal,,NA
G/A,scandens,San Cristobal,,NA
G/G,scandens,San Cristobal,,NA
G/A,scandens,San Cristobal,,NA
G/A,scandens,San Cristobal,,NA
G/A,scandens,San Cristobal,,NA
G/A,scandens,San Cristobal,,NA
G/G,hybrid,Daphne,,1991
G/G,conirostris,Genovesa,,NA
G/G,conirostris,Genovesa,,NA
G/G,conirostris,Genovesa,,NA
A/A,conirostris,Genovesa,,NA
G/G,conirostris,Genovesa,,NA
G/A,conirostris,Genovesa,,NA
A/A,conirostris,Genovesa,,NA
G/A,conirostris,Genovesa,,NA
G/G,conirostris,Genovesa,,NA
A/A,conirostris,Genovesa,,NA
G/A,conirostris,Genovesa,,NA
A/A,conirostris,Genovesa,,NA
G/G,conirostris,Genovesa,,NA
G/A,conirostris,Genovesa,,NA
A/A,conirostris,Genovesa,,NA
A/A,conirostris,Genovesa,,NA
G/G,conirostris,Genovesa,,NA
G/A,conirostris,Genovesa,,NA
G/G,conirostris,Genovesa,,NA
G/A,conirostris,Genovesa,,NA
A/A,conirostris,Genovesa,,NA
G/G,conirostris,Genovesa,,NA
G/G,conirostris,Genovesa,,NA
G/A,conirostris,Genovesa,,NA
G/A,conirostris,Genovesa,,NA
G/A,conirostris,Genovesa,,NA
G/A,conirostris,Genovesa,,NA
G/A,conirostris,Genovesa,,NA
G/G,conirostris,Genovesa,,NA
G/A,conirostris,Genovesa,,NA
A/A,conirostris,Genovesa,,NA
G/G,conirostris,Genovesa,,NA
G/G,conirostris,Genovesa,,NA
G/A,conirostris,Genovesa,,NA
G/G,conirostris,Genovesa,,NA
G/G,conirostris,Genovesa,,NA
G/A,conirostris,Genovesa,,NA
G/A,conirostris,Genovesa,,NA
G/A,conirostris,Genovesa,,NA
G/A,conirostris,Genovesa,,NA
G/A,conirostris,Genovesa,,NA
G/G,conirostris,Genovesa,,NA
G/G,difficilis,Genovesa,,NA
G/G,difficilis,Genovesa,,NA
G/G,difficilis,Genovesa,,NA
G/G,difficilis,Genovesa,,NA
G/G,difficilis,Genovesa,,NA
G/G,difficilis,Genovesa,,NA
G/G,difficilis,Genovesa,,NA
G/G,difficilis,Genovesa,,NA
G/G,difficilis,Genovesa,,NA
G/G,difficilis,Genovesa,,NA
G/G,difficilis,Genovesa,,NA
G/G,difficilis,Genovesa,,NA
G/G,difficilis,Genovesa,,NA
G/G,difficilis,Genovesa,,NA
G/G,difficilis,Genovesa,,NA
G/G,difficilis,Genovesa,,NA
G/G,difficilis,Genovesa,,NA
G/G,difficilis,Genovesa,,NA
G/G,difficilis,Genovesa,,NA
A/A,difficilis,Genovesa,,NA
G/A,difficilis,Genovesa,,NA
G/G,difficilis,Genovesa,,NA
G/G,difficilis,Genovesa,,NA
G/G,difficilis,Genovesa,,NA
G/G,difficilis,Genovesa,,NA
G/G,difficilis,Genovesa,,NA
G/G,difficilis,Genovesa,,NA
G/A,difficilis,Genovesa,,NA
G/G,difficilis,Genovesa,,NA
G/G,parvulus,Floreana,,NA
A/A,parvulus,Floreana,,NA
A/A,parvulus,Floreana,,NA
A/A,parvulus,Floreana,,NA
A/A,parvulus,Floreana,,NA
G/A,parvulus,Floreana,,NA
G/A,parvulus,Floreana,,NA
A/A,parvulus,Floreana,,NA
A/A,parvulus,Floreana,,NA
A/A,parvulus,Floreana,,NA
G/A,parvulus,Floreana,,NA
A/A,parvulus,Floreana,,NA
G/A,parvulus,Floreana,,NA
A/A,parvulus,Floreana,,NA
A/A,parvulus,Floreana,,NA
G/A,parvulus,Floreana,,NA
A/A,parvulus,Floreana,,NA
G/A,parvulus,Floreana,,NA
G/A,parvulus,Floreana,,NA
A/A,parvulus,Floreana,,NA
A/A,parvulus,Floreana,,NA
A/A,parvulus,Floreana,,NA
A/A,parvulus,Floreana,,NA
A/A,parvulus,Floreana,,NA
A/A,parvulus,Floreana,,NA
G/G,parvulus,Floreana,,NA
A/A,pauper,Floreana,,NA
G/G,pauper,Floreana,,NA
G/G,pauper,Floreana,,NA
G/A,pauper,Floreana,,NA
A/A,pauper,Floreana,,NA
A/A,pauper,Floreana,,NA
G/G,fortis,Daphne,Pink,1991
G/G,fortis,Daphne,Pink,1991
G/G,scandens,Daphne,Pink,1998
G/G,scandens,Daphne,Pink,1998
G/G,fortis,Daphne,Pink,1998
G/G,scandens,Daphne,Pink,1998
G/G,fortis,Daphne,Pink,1998
G/G,fortis,Daphne,Pink,1998
G/G,fortis,Daphne,Pink,1991
G/G,scandens,Daphne,Pink,1998
G/G,scandens,Daphne,Pink,1998
G/G,fortis,Daphne,,2003
G/G,fortis,Daphne,Pink,1998
G/G,fortis,Daphne,Pink,1998
G/G,fortis,Daphne,Pink,1998
G/G,fortis,Daphne,,2002
G/G,scandens,Daphne,Pink,1987
G/G,fortis,Daphne,Pink,1998
G/G,fortis,Daphne,,2002
G/G,hybrid,Daphne,Pink,1987
G/G,fortis,Daphne,Pink,1998
G/G,fortis,Daphne,Pink,1998
G/G,fortis,Daphne,Pink,1998
G/G,fortis,Daphne,Pink,1998
G/G,fortis,Daphne,,2001
G/G,fortis,Daphne,,2002
G/G,fortis,Daphne,Pink,1987
G/G,fortis,Daphne,Pink,1998
G/G,fortis,Daphne,Pink,1998
G/G,scandens,Daphne,Pink,1998
G/G,fortis,Daphne,,2001
G/G,fortis,Daphne,Pink,1998
G/G,fortis,Daphne,Pink,1998
G/G,fortis,Daphne,Pink,1998
G/G,fortis,Daphne,Pink,1998
G/G,scandens,Daphne,Pink,1998
G/G,fortis,Daphne,,2002
G/G,fortis,Daphne,Pink,1998
G/G,fortis,Daphne,Pink,1998
G/G,fortis,Daphne,,1987
G/G,fortis,Daphne,Pink,1998
G/G,scandens,Daphne,Pink,1998
G/G,fuliginosa,Daphne,Pink,1998
G/G,hybrid,Daphne,Pink,1987
G/G,fortis,Daphne,Pink,1987
G/G,fortis,Daphne,Pink,1998
G/G,fortis,Daphne,,2002
G/G,fuliginosa,Daphne,Pink,1998
G/G,fortis,Daphne,Pink,1998
G/G,fuliginosa,Daphne,Pink,1998
G/G,fortis,Daphne,Pink,1998
G/G,scandens,Daphne,Pink,1998
G/G,fortis,Daphne,Pink,1998
G/G,scandens,Daphne,Pink,1998
G/G,scandens,Daphne,Pink,1998
G/G,fortis,Daphne,Pink,2011
G/G,fortis,Daphne,Pink,2011
G/G,fortis,Daphne,Pink,2011
G/G,fortis,Daphne,,2001
G/G,fortis,Daphne,Pink,1998
G/G,fortis,Daphne,Pink,1998
G/G,fortis,Daphne,Pink,1998
G/G,fortis,Daphne,Pink,1998
G/G,fortis,Daphne,Pink,2011
G/G,fortis,Daphne,Pink,2011
G/G,fuliginosa,Daphne,Pink,1998
G/G,fortis,Daphne,Pink,1998
G/G,fortis,Daphne,,2010
G/G,fortis,Daphne,Pink,1998
G/G,fortis,Daphne,Pink,1998
G/G,fortis,Daphne,Pink,2011
G/G,fortis,Daphne,,2001
G/G,scandens,Daphne,,2011
G/G,scandens,Daphne,,2009
G/G,fortis,Daphne,Pink,1998
G/G,fortis,Daphne,Pink,1998
G/G,fortis,Daphne,Pink,2011
G/G,scandens,Daphne,Pink,2011
G/G,scandens,Daphne,Pink,2011
G/G,scandens,Daphne,Pink,1998
G/G,scandens,Daphne,Pink,1998
G/G,fortis,Daphne,Pink,2011
A/A,fortis,Daphne,Yellow,2011
A/A,fortis,Daphne,Yellow,1991
A/A,scandens,Daphne,Pink,1998
A/A,scandens,Daphne,Pink,1992
A/A,fortis,Daphne,Yellow,1987
A/A,fortis,Daphne,,2002
A/A,scandens,Daphne,Yellow,1998
A/A,hybrid,Daphne,Yellow,1987
A/A,scandens,Daphne,Yellow,1998
A/A,scandens,Daphne,Yellow,1998
A/A,fortis,Daphne,Pink,1992
A/A,scandens,Daphne,Yellow,1998
A/A,fortis,Daphne,Yellow,1998
A/A,hybrid,Daphne,Yellow,1987
A/A,scandens,Daphne,Yellow,1998
A/A,fortis,Daphne,Yellow,1998
A/A,scandens,Daphne,Yellow,1998
A/A,scandens,Daphne,Yellow,1998
A/A,fortis,Daphne,Yellow,1998
A/A,scandens,Daphne,Pink,1992
A/A,scandens,Daphne,Yellow,1998
A/A,scandens,Daphne,Yellow,1998
A/A,scandens,Daphne,Yellow,1998
A/A,scandens,Daphne,Yellow,1998
A/A,scandens,Daphne,Yellow,1998
A/A,hybrid,Daphne,Yellow,1987
A/A,scandens,Daphne,Yellow,1998
A/A,scandens,Daphne,Yellow,1998
A/A,fortis,Daphne,Pink,1987
A/A,scandens,Daphne,Yellow,1998
A/A,scandens,Daphne,Yellow,1998
A/A,fortis,Daphne,Yellow,1987
A/A,scandens,Daphne,Yellow,1998
A/A,scandens,Daphne,Yellow,1998
A/A,hybrid,Daphne,Yellow,1987
A/A,fortis,Daphne,Yellow,1998
A/A,scandens,Daphne,Yellow,1998
A/A,scandens,Daphne,Yellow,1998
A/A,fortis,Daphne,Yellow,1998
A/A,fortis,Daphne,Yellow,1993
A/A,fortis,Daphne,Yellow,1998
A/A,fortis,Daphne,Yellow,1998
A/A,hybrid,Daphne,Yellow,1992
A/A,hybrid,Daphne,Yellow,1998
A/A,scandens,Daphne,Yellow,1998
A/A,fortis,Daphne,Yellow,1998
A/A,scandens,Daphne,Yellow,1998
A/A,fortis,Daphne,Yellow,1998
A/A,scandens,Daphne,Yellow,1998
A/A,fortis,Daphne,,2007
A/A,fortis,Daphne,Yellow,2011
A/A,fortis,Daphne,Yellow,1993
A/A,scandens,Daphne,Yellow,2011
A/A,scandens,Daphne,Yellow,2011
A/A,fortis,Daphne,,2002
A/A,scandens,Daphne,Yellow,1998
A/A,fortis,Daphne,Yellow,1998
A/A,scandens,Daphne,Yellow,2011
G/A,fortis,Daphne,Pink,1998
G/A,scandens,Daphne,Pink,1998
G/A,fortis,Daphne,Pink,1998
G/A,fortis,Daphne,Pink,1998
G/A,scandens,Daphne,,2000
G/A,fortis,Daphne,Pink,1998
G/A,fortis,Daphne,Pink,1990
G/A,fortis,Daphne,Pink,1987
G/A,fortis,Daphne,Pink,1991
G/A,fortis,Daphne,Pink,1991
G/A,scandens,Daphne,Pink,1998
G/A,fortis,Daphne,Pink,1998
G/A,fortis,Daphne,,2002
G/A,fortis,Daphne,,2002
G/A,fortis,Daphne,Pink,1991
G/A,fortis,Daphne,Pink,1991
G/A,fortis,Daphne,Yellow,1991
G/A,scandens,Daphne,Pink,1998
G/A,fortis,Daphne,Pink,1998
G/A,scandens,Daphne,Pink,1998
G/A,fortis,Daphne,,2002
G/A,fortis,Daphne,,2001
G/A,scandens,Daphne,Pink,1998
G/A,fortis,Daphne,Pink,1998
G/A,hybrid,Daphne,Pink,1987
G/A,scandens,Daphne,Pink,1998
G/A,scandens,Daphne,Pink,1998
G/A,fuliginosa,Daphne,Pink,1998
G/A,fortis,Daphne,Pink,1998
G/A,fortis,Daphne,Pink,1998
G/A,scandens,Daphne,Pink,1992
G/A,fortis,Daphne,Pink,1998
G/A,scandens,Daphne,Pink,1998
G/A,scandens,Daphne,Pink,1998
G/A,hybrid,Daphne,Pink,1987
G/A,fortis,Daphne,Pink,1998
G/A,fortis,Daphne,Pink,1998
G/A,fortis,Daphne,Pink,1998
G/A,fortis,Daphne,Pink,1998
G/A,fortis,Daphne,Pink,1998
G/A,fortis,Daphne,,2001
G/A,hybrid,Daphne,Pink,1987
G/A,fortis,Daphne,Pink,1998
G/A,fortis,Daphne,Pink,1998
G/A,fortis,Daphne,Pink,1998
G/A,hybrid,Daphne,Pink,1987
G/A,fortis,Daphne,Pink,1998
G/A,scandens,Daphne,Pink,2011
G/A,scandens,Daphne,Pink,1998
G/A,fortis,Daphne,Pink,1998
G/A,fortis,Daphne,Pink,1998
G/A,fortis,Daphne,Pink,1998
G/A,fortis,Daphne,,2002
G/A,fortis,Daphne,,2002
G/A,fortis,Daphne,,2007
G/A,scandens,Daphne,,2008
G/A,fortis,Daphne,Pink,1998
G/A,scandens,Daphne,Pink,1998
G/A,scandens,Daphne,Pink,1998
G/A,fortis,Daphne,Pink,1998
G/A,fortis,Daphne,Pink,1998
G/A,fortis,Daphne,,2001
G/A,fortis,Daphne,,2007
G/A,fortis,Daphne,,2008
G/A,scandens,Daphne,,2010
G/A,scandens,Daphne,Pink,1998
G/A,fortis,Daphne,Pink,1998
G/A,fortis,Daphne,Pink,1998
G/A,scandens,Daphne,Pink,1998
G/A,scandens,Daphne,Pink,1998
G/A,scandens,Daphne,Pink,1998
G/A,scandens,Daphne,Pink,1998
G/A,scandens,Daphne,Pink,1998
G/A,fortis,Daphne,Pink,1998
G/A,fortis,Daphne,,2002
G/A,scandens,Daphne,,2001
G/A,fortis,Daphne,Pink,1987
G/A,scandens,Daphne,Pink,1998
G/A,fortis,Daphne,Pink,1998
G/A,fortis,Daphne,Pink,1998
G/A,scandens,Daphne,Pink,1998
G/A,scandens,Daphne,Pink,1998
G/A,scandens,Daphne,Pink,1998
G/A,scandens,Daphne,Pink,1998
G/A,fortis,Daphne,,2001
G/A,fortis,Daphne,,2001
G/A,scandens,Daphne,Pink,1987
G/A,scandens,Daphne,Pink,1998
G/A,fortis,Daphne,Pink,1987
G/A,fortis,Daphne,Pink,1998
G/A,fortis,Daphne,Pink,1998
G/A,fortis,Daphne,Pink,1998
G/A,scandens,Daphne,Pink,1998
G/A,fortis,Daphne,Pink,1998
G/A,scandens,Daphne,Pink,1998
G/A,fortis,Daphne,Pink,1998
G/A,fortis,Daphne,Pink,1998
G/A,scandens,Daphne,,2000
G/A,fortis,Daphne,Pink,1987
G/A,fortis,Daphne,Pink,1998
G/A,fortis,Daphne,Pink,1998
G/A,fortis,Daphne,Pink,1998
G/A,scandens,Daphne,Pink,1998
G/A,fortis,Daphne,Pink,1998
G/A,fortis,Daphne,Pink,1998
G/A,fortis,Daphne,,2002
G/A,fortis,Daphne,Pink,1998
G/A,scandens,Daphne,Pink,1998
G/A,fortis,Daphne,Pink,1998
G/A,fortis,Daphne,Pink,1998
G/A,scandens,Daphne,Pink,1998
G/A,fortis,Daphne,,2002
G/A,scandens,Daphne,Pink,1998
G/A,scandens,Daphne,,2007
G/A,fortis,Daphne,,2008
G/A,scandens,Daphne,,2010
G/A,scandens,Daphne,Pink,1998
G/A,fortis,Daphne,Pink,1998
G/A,fortis,Daphne,Pink,2011
G/A,scandens,Daphne,Pink,2011
G/A,scandens,Daphne,Pink,1998
G/A,fortis,Daphne,Pink,2011
G/A,fortis,Daphne,Pink,2011
G/A,fortis,Daphne,,2002
G/A,scandens,Daphne,Pink,2011
G/A,fortis,Daphne,,2008
G/A,scandens,Daphne,,2008
G/A,fortis,Daphne,Pink,1998
G/A,fortis,Daphne,Pink,1998
G/A,fortis,Daphne,Pink,2011
G/A,scandens,Daphne,Pink,2011
G/A,scandens,Daphne,Yellow,2011
G/A,fortis,Daphne,,2001
G/A,hybrid,Daphne,Pink,1987
G/A,scandens,Daphne,Pink,1998
G/A,scandens,Daphne,Pink,1998
G/A,fortis,Daphne,Pink,1998
G/A,scandens,Daphne,Pink,2011
G/A,scandens,Daphne,Pink,2011
G/A,fortis,Daphne,Pink,1998
G/A,scandens,Daphne,Yellow,2011
G/A,fortis,Daphne,,2011
G/A,fortis,Daphne,Pink,1987
G/A,fortis,Daphne,Pink,1998
G/A,scandens,Daphne,Pink,2011
G/G,fortis,Daphne,Pink,1987
G/A,scandens,Daphne,Pink,1991
G/A,scandens,Daphne,Pink,1991
G/A,scandens,Daphne,Pink,1991
G/A,scandens,Daphne,Pink,1991
G/G,scandens,Daphne,Pink,1991
G/A,fortis,Daphne,Pink,1991
G/G,fortis,Daphne,Pink,1991
G/G,fortis,Daphne,Pink,1991
A/A,scandens,Daphne,Yellow,1991
G/A,fortis,Daphne,Pink,1991
G/G,fortis,Daphne,Pink,1991
G/A,scandens,Daphne,Pink,1991
G/A,fortis,Daphne,Pink,1991
G/G,fortis,Daphne,Pink,1991
G/A,fortis,Daphne,Pink,1991
A/A,scandens,Daphne,Yellow,1991
G/A,scandens,Daphne,Pink,1991
G/G,fortis,Daphne,Pink,1991
G/G,fortis,Daphne,Pink,1991
G/G,fortis,Daphne,Pink,1991
G/G,fortis,Daphne,Pink,1991
G/A,fortis,Daphne,Pink,1991
G/A,fortis,Daphne,Pink,1991
A/A,scandens,Daphne,Yellow,1991
G/A,scandens,Daphne,Pink,1991
G/A,scandens,Daphne,Pink,1991
G/A,scandens,Daphne,Pink,1991
G/A,scandens,Daphne,Pink,1991
G/A,scandens,Daphne,Pink,1991
G/G,fortis,Daphne,Pink,1991
G/G,fortis,Daphne,Pink,1991
G/G,fortis,Daphne,Pink,1991
G/G,fortis,Daphne,Pink,1991
G/G,fortis,Daphne,Pink,1991
G/A,fortis,Daphne,Pink,1991
G/G,fortis,Daphne,Pink,1991
A/A,fortis,Daphne,Yellow,1991
G/A,fortis,Daphne,Pink,1991
G/G,fortis,Daphne,Pink,1991
G/A,scandens,Daphne,Pink,1991
A/A,scandens,Daphne,Yellow,1991
G/G,fortis,Daphne,Pink,1991
G/G,fortis,Daphne,Pink,1991
G/G,fortis,Daphne,Pink,1991
G/A,fortis,Daphne,Yellow,1991
G/A,fortis,Daphne,Pink,1991
A/A,scandens,Daphne,Yellow,1991
G/A,scandens,Daphne,Pink,1991
G/G,scandens,Daphne,Pink,1991
G/A,fortis,Daphne,Pink,1991
A/A,fortis,Daphne,Yellow,1991
G/A,fortis,Daphne,Pink,1991
G/G,fortis,Daphne,Pink,1991
G/A,fortis,Daphne,Pink,1991
A/A,fortis,Daphne,Yellow,1991
G/A,fortis,Daphne,Pink,1991
A/A,scandens,Daphne,Yellow,1991
G/G,fortis,Daphne,Pink,1991
G/A,fortis,Daphne,Pink,1991
G/G,fortis,Daphne,Pink,1991
G/G,fortis,Daphne,Pink,1991
A/A,scandens,Daphne,Yellow,1991
G/G,fortis,Daphne,Pink,1991
G/A,scandens,Daphne,Pink,1991
A/A,scandens,Daphne,Yellow,1991
G/G,fortis,Daphne,Pink,1991
G/G,fortis,Daphne,Pink,1991
G/G,fortis,Daphne,Pink,1991
G/A,fortis,Daphne,Pink,1991
A/A,fortis,Daphne,Yellow,1991
A/A,scandens,Daphne,Yellow,1991
A/A,scandens,Daphne,Pink,1991
G/G,fortis,Daphne,Pink,1991
G/G,fortis,Daphne,Pink,1991
G/A,fortis,Daphne,Pink,1991
G/A,fortis,Daphne,Pink,1991
G/G,fortis,Daphne,Pink,1991
A/A,fortis,Daphne,Yellow,1991
A/A,fortis,Daphne,Yellow,1991
G/A,scandens,Daphne,Pink,1991
G/A,scandens,Daphne,Pink,1991
G/G,fortis,Daphne,Pink,1991
G/G,fortis,Daphne,Pink,1991
G/G,fortis,Daphne,Pink,1991
G/G,scandens,Daphne,Pink,1991
G/A,scandens,Daphne,Pink,1991
G/A,fortis,Daphne,Pink,1991
G/A,scandens,Daphne,Pink,1991
G/A,fortis,Daphne,Pink,1991
G/G,fortis,Daphne,Pink,1991
G/G,fortis,Daphne,Pink,1991
G/A,fortis,Daphne,Pink,1991
G/A,fortis,Daphne,Pink,1991
G/A,fortis,Daphne,Pink,1991
G/A,scandens,Daphne,Pink,1991
G/A,fortis,Daphne,Pink,1991
G/A,fortis,Daphne,Pink,1991
G/A,fortis,Daphne,Pink,1991
G/G,fortis,Daphne,Pink,1991
A/A,fortis,Daphne,Yellow,1991
G/A,fortis,Daphne,Pink,1991
G/G,fortis,Daphne,Pink,1991
G/A,fortis,Daphne,Pink,1991
G/G,fortis,Daphne,Pink,1991
G/G,fortis,Daphne,Pink,1991
A/A,fortis,Daphne,Yellow,1991
G/A,fortis,Daphne,Pink,1991
G/A,fortis,Daphne,Pink,1991
G/A,fortis,Daphne,Pink,1991
G/A,fortis,Daphne,Pink,1991
A/A,fortis,Daphne,Yellow,1991
G/G,fortis,Daphne,Pink,1991
G/G,fortis,Daphne,Pink,1991
G/A,fortis,Daphne,Pink,1991
G/A,fortis,Daphne,Pink,1991
G/G,fortis,Daphne,Pink,1991
G/G,fortis,Daphne,Pink,1991
G/A,scandens,Daphne,Pink,1991
G/A,fortis,Daphne,Pink,1991
G/G,fortis,Daphne,Pink,1991
G/A,fortis,Daphne,Pink,1991
G/G,fortis,Daphne,Pink,1991
A/A,fortis,Daphne,Yellow,1991
G/A,scandens,Daphne,Pink,1991
G/A,fortis,Daphne,Pink,1991
G/G,fortis,Daphne,Pink,1991
G/A,fortis,Daphne,Pink,1991
G/G,fortis,Daphne,Pink,1991
G/A,fortis,Daphne,Pink,1991
G/A,fortis,Daphne,Pink,1991
G/A,scandens,Daphne,Pink,1991
G/G,fortis,Daphne,Pink,1991
G/G,fortis,Daphne,Pink,1991
G/A,fortis,Daphne,Pink,1991
G/A,fortis,Daphne,Pink,1991
G/A,fortis,Daphne,Pink,1991
G/G,fortis,Daphne,Pink,1991
A/A,fortis,Daphne,Yellow,1991
G/A,fortis,Daphne,Pink,1991
G/A,scandens,Daphne,Pink,1991
G/A,fortis,Daphne,Pink,1991
G/A,fortis,Daphne,Pink,1991
G/G,fortis,Daphne,Pink,1991
G/G,fortis,Daphne,Pink,1991
G/A,fortis,Daphne,Pink,1991
G/G,fortis,Daphne,Pink,1991
G/A,fortis,Daphne,Pink,1991
G/A,fortis,Daphne,Pink,1991
G/G,fortis,Daphne,Pink,1991
G/A,fortis,Daphne,Pink,1991
G/G,fortis,Daphne,Pink,1991
G/A,fortis,Daphne,Pink,1991
A/A,fortis,Daphne,Pink,1991
G/A,fortis,Daphne,Pink,1991
G/A,fortis,Daphne,Pink,1991
G/G,fortis,Daphne,Pink,1991
G/A,fortis,Daphne,Pink,1991
G/G,fortis,Daphne,Pink,1991
G/A,fortis,Daphne,Pink,1991
G/G,fortis,Daphne,Pink,1991
G/A,fortis,Daphne,Pink,1991
G/A,fortis,Daphne,Pink,1991
G/A,scandens,Daphne,Pink,1991
G/A,scandens,Daphne,Pink,1991
G/G,fortis,Daphne,Pink,1991
G/G,fortis,Daphne,Pink,1991
G/A,fortis,Daphne,Pink,1991
G/A,fortis,Daphne,Pink,1991
A/A,fortis,Daphne,Pink,1991
G/A,fortis,Daphne,Pink,1991
A/A,scandens,Daphne,Yellow,1991
G/A,fortis,Daphne,Pink,1991
G/A,fortis,Daphne,Pink,1991
G/G,fortis,Daphne,Pink,1991
G/A,fortis,Daphne,Pink,1991
G/G,fortis,Daphne,Pink,1991
A/A,fortis,Daphne,Yellow,1991
G/G,fortis,Daphne,Pink,1991
G/A,fortis,Daphne,Pink,1991
G/G,fortis,Daphne,Pink,1991
A/A,fortis,Daphne,Pink,1991
G/G,fortis,Daphne,Pink,1991
G/G,fortis,Daphne,Pink,1991
G/A,fortis,Daphne,Pink,1991
G/A,fortis,Daphne,Pink,1991
G/A,scandens,Daphne,Pink,1991
G/A,fortis,Daphne,Pink,1991
A/A,fortis,Daphne,Yellow,1991
G/A,fortis,Daphne,Pink,1991
A/A,fortis,Daphne,Yellow,1991
G/G,fortis,Daphne,Pink,1991
G/G,scandens,Daphne,Pink,1991
G/A,fortis,Daphne,Pink,1991
G/A,scandens,Daphne,Pink,1991
G/A,fortis,Daphne,Pink,1991
G/A,fortis,Daphne,Pink,1991
G/G,fortis,Daphne,Pink,1991
G/G,fortis,Daphne,Pink,1991
A/A,fortis,Daphne,Pink,1991
G/G,fortis,Daphne,Pink,1991
G/A,fortis,Daphne,Pink,1991
G/A,fortis,Daphne,Pink,1991
G/G,fortis,Daphne,Pink,1991
G/G,fortis,Daphne,Pink,1991
G/G,fortis,Daphne,Pink,1991
G/A,scandens,Daphne,Pink,1991
G/G,fortis,Daphne,Pink,1991
A/A,fortis,Daphne,Yellow,1991
G/A,fortis,Daphne,Pink,1991
G/A,fortis,Daphne,Pink,1991
G/G,fortis,Daphne,Pink,1991
G/A,fortis,Daphne,Pink,1991
G/A,fortis,Daphne,Pink,1991
G/G,fortis,Daphne,Pink,1991
G/G,scandens,Daphne,Pink,1991
G/A,fortis,Daphne,Pink,1991
G/A,fortis,Daphne,Pink,1991
G/A,scandens,Daphne,Pink,1991
G/G,fortis,Daphne,Pink,1991
G/A,fortis,Daphne,Pink,1991
G/G,fortis,Daphne,Pink,1991
G/G,fortis,Daphne,Pink,1991
G/G,fortis,Daphne,Pink,1991
G/G,fortis,Daphne,Pink,1991
G/G,fortis,Daphne,Pink,1991
G/A,fortis,Daphne,Pink,1991
G/G,fortis,Daphne,Pink,1991
G/A,fortis,Daphne,Pink,1991
G/G,fortis,Daphne,Pink,1991
G/A,scandens,Daphne,Pink,1991
G/G,scandens,Daphne,Pink,1991
G/G,fortis,Daphne,Pink,1991
G/A,fortis,Daphne,Pink,1991
G/G,fortis,Daphne,Pink,1991
G/A,hybrid,Daphne,Pink,1991
A/A,fortis,Daphne,Yellow,1991
G/G,fortis,Daphne,Pink,1991
G/A,fortis,Daphne,Pink,1991
G/G,fortis,Daphne,Pink,1991
A/A,scandens,Daphne,Yellow,1991
G/G,fortis,Daphne,Pink,1991
G/G,fortis,Daphne,Pink,1991
G/G,fortis,Daphne,Pink,1991
A/A,fortis,Daphne,Yellow,1991
G/A,fortis,Daphne,Pink,1991
G/A,fortis,Daphne,Pink,1991
G/A,fortis,Daphne,Pink,1991
G/G,fortis,Daphne,Pink,1991
G/G,scandens,Daphne,Pink,1991
A/A,fortis,Daphne,Pink,1991
G/A,fortis,Daphne,Pink,1991
A/A,hybrid,Daphne,Yellow,1991
G/G,scandens,Daphne,Pink,1991
G/A,fortis,Daphne,Pink,1991
G/A,scandens,Daphne,Pink,1998
G/G,fortis,Daphne,Pink,1991
G/G,crassirostris,Santiago,,NA
G/G,crassirostris,Santiago,,NA
G/A,fortis,Daphne,Pink,1991
G/A,fortis,Daphne,Pink,1991
G/A,scandens,Daphne,Pink,1991
G/G,fortis,Daphne,Pink,1991
G/A,fortis,Daphne,Pink,1991
G/A,fortis,Daphne,Pink,1991
G/G,fortis,Daphne,Pink,1991
G/G,fortis,Daphne,Pink,1991
A/A,fortis,Daphne,Yellow,1991
A/A,fortis,Daphne,Yellow,1991
G/A,fortis,Daphne,Pink,1991
A/A,fortis,Daphne,Yellow,1991
G/A,fortis,Daphne,Pink,1991
A/A,fortis,Daphne,Yellow,1991
G/A,scandens,Daphne,Pink,1991
A/A,fortis,Daphne,Yellow,1991
G/A,fortis,Daphne,Pink,1991
G/A,fortis,Daphne,Pink,1991
G/A,fortis,Daphne,Pink,1991
G/G,scandens,Daphne,Pink,1998
G/G,fortis,Daphne,Pink,1991
G/G,crassirostris,Santiago,,NA
G/G,crassirostris,Santiago,,NA
G/A,fortis,Daphne,Pink,1991
G/G,fortis,Daphne,Pink,1991
G/A,fortis,Daphne,Pink,1991
G/A,fortis,Daphne,Pink,1991
G/G,fortis,Daphne,Pink,1991
G/A,fortis,Daphne,Pink,1991
A/A,fortis,Daphne,Yellow,1991
G/A,scandens,Daphne,Pink,1991
G/A,scandens,Daphne,Pink,1991
A/A,fortis,Daphne,Yellow,1991
G/G,fortis,Daphne,Pink,1991
G/G,scandens,Daphne,Pink,1991
G/A,fortis,Daphne,Pink,1991
A/A,fortis,Daphne,Yellow,1991
G/A,scandens,Daphne,Pink,1991
G/G,fortis,Daphne,Pink,1991
G/A,fortis,Daphne,Pink,1991
G/A,fortis,Daphne,Pink,1991
G/G,crassirostris,Pinta,,NA
G/G,crassirostris,Pinta,,NA
G/G,crassirostris,Isabela,,NA
G/G,crassirostris,Isabela,,NA
A/A,fortis,Daphne,Yellow,1991
A/A,fortis,Daphne,Yellow,1991
G/G,fortis,Daphne,Pink,1991
G/G,fortis,Daphne,Pink,1991
G/A,fortis,Daphne,Pink,1991
G/G,fortis,Daphne,Pink,1991
G/A,scandens,Daphne,Pink,1991
G/A,scandens,Daphne,Pink,1991
G/G,fortis,Daphne,Pink,1991
A/A,fortis,Daphne,Yellow,1991
G/G,fortis,Daphne,Pink,1991
G/A,scandens,Daphne,Pink,1991
A/A,fortis,Daphne,Yellow,1991
G/A,fortis,Daphne,Pink,1991
G/G,fortis,Daphne,Pink,1991
G/G,fortis,Daphne,Pink,1991
A/A,scandens,Daphne,Yellow,1991
G/G,fortis,Daphne,Pink,1991
G/G,crassirostris,Pinta,,NA
G/G,crassirostris,Pinta,,NA
G/G,crassirostris,Isabela,,NA
G/G,crassirostris,Isabela,,NA
G/A,fortis,Daphne,Pink,1991
G/A,scandens,Daphne,Pink,1991
G/A,fortis,Daphne,Pink,1991
G/A,scandens,Daphne,Pink,1991
G/G,fortis,Daphne,Pink,1991
G/G,fortis,Daphne,Pink,1991
G/A,fortis,Daphne,Pink,1991
G/A,fortis,Daphne,Pink,1991
G/G,scandens,Daphne,Pink,1991
G/G,fortis,Daphne,Pink,1991
A/A,scandens,Daphne,Yellow,1991
G/A,scandens,Daphne,Pink,1991
G/A,fortis,Daphne,Pink,1991
G/A,fortis,Daphne,Pink,1991
G/G,fortis,Daphne,Pink,1991
G/A,fortis,Daphne,Pink,1991
G/A,fortis,Daphne,Pink,1991
G/A,fortis,Daphne,Pink,1991
G/A,fortis,Daphne,Pink,1991
G/A,fortis,Daphne,Pink,1991
G/G,fortis,Daphne,Pink,1991
G/G,fortis,Daphne,Pink,1991
G/G,fortis,Daphne,Pink,1991
G/G,fortis,Daphne,Pink,1991
A/A,fortis,Daphne,Yellow,1991
G/A,scandens,Daphne,Pink,1991
G/A,scandens,Daphne,Pink,1991
G/G,fortis,Daphne,Pink,1991
G/G,fortis,Daphne,Pink,1991
A/A,fortis,Daphne,Yellow,1991
G/A,fortis,Daphne,Pink,1991
G/G,fortis,Daphne,Pink,1991
G/A,fortis,Daphne,Pink,1991
G/A,fortis,Daphne,Pink,1991
G/A,fortis,Daphne,Pink,1991
G/A,fortis,Daphne,Pink,1991
A/A,magnirostris,Daphne,,2008
G/A,magnirostris,Daphne,,2008
G/A,magnirostris,Daphne,,2008
A/A,magnirostris,Daphne,,2008
G/A,magnirostris,Daphne,,2008
A/A,magnirostris,Daphne,,2008
A/A,magnirostris,Daphne,,2008
G/A,magnirostris,Daphne,,2008
A/A,magnirostris,Daphne,,2008
A/A,magnirostris,Daphne,,2007
G/A,fortis,Daphne,,2008
G/A,fortis,Daphne,,2008
G/G,fortis,Daphne,,2008
A/A,fortis,Daphne,,2008
G/A,fortis,Daphne,,2008
G/A,fortis,Daphne,,2008
A/A,fortis,Daphne,,2008
G/A,fortis,Daphne,,2008
A/A,fortis,Daphne,,2008
G/G,fortis,Daphne,,2008
A/A,fortis,Daphne,,2008
A/A,fortis,Daphne,,2008
G/A,fortis,Daphne,,2002
G/G,fortis,Daphne,,2008
G/A,fortis,Daphne,,2001
G/A,fortis,Daphne,,2005
G/A,fortis,Daphne,,2002
G/A,fortis,Daphne,,2001
G/A,fortis,Daphne,,2005
G/A,fortis,Daphne,,2005
G/A,fortis,Daphne,,2005
G/A,fortis,Daphne,,2005
G/A,fortis,Daphne,,2005
G/A,scandens,Daphne,,2005
G/A,fortis,Daphne,,2005
G/A,fortis,Daphne,,2005
A/A,fortis,Daphne,,2005
G/A,scandens,Daphne,,2008
G/A,fortis,Daphne,,2002
A/A,bigbirds,Daphne,,2008
